target_end_date,location,target_type
2021-01-01,DK,Hosps
2021-01-08,DK,Hosps
2021-01-15,DK,Hosps
2021-03-06,ES,Cases
2021-03-08,AT,Hosps
2021-03-08,BE,Hosps
2021-03-08,BG,Hosps
2021-03-08,CH,Hosps
2021-03-08,CY,Hosps
2021-03-08,CZ,Hosps
2021-03-08,DE,Hosps
2021-03-08,DK,Hosps
2021-03-08,EE,Hosps
2021-03-08,ES,Hosps
2021-03-08,FI,Hosps
2021-03-08,FR,Hosps
2021-03-08,GB,Hosps
2021-03-08,GR,Hosps
2021-03-08,HR,Hosps
2021-03-08,HU,Hosps
2021-03-08,IE,Hosps
2021-03-08,IS,Hosps
2021-03-08,IT,Hosps
2021-03-08,LI,Hosps
2021-03-08,LT,Hosps
2021-03-08,LU,Hosps
2021-03-08,LV,Hosps
2021-03-08,MT,Hosps
2021-03-08,NL,Hosps
2021-03-08,NO,Hosps
2021-03-08,PL,Hosps
2021-03-08,PT,Hosps
2021-03-08,RO,Hosps
2021-03-08,SE,Hosps
2021-03-08,SI,Hosps
2021-03-08,SK,Hosps
2021-03-13,BE,Hosps
2021-03-13,DK,Hosps
2021-03-13,EE,Hosps
2021-03-13,ES,Hosps
2021-03-13,FR,Hosps
2021-03-13,GB,Hosps
2021-03-13,HR,Hosps
2021-03-13,IE,Hosps
2021-03-13,NL,Hosps
2021-03-13,NO,Hosps
2021-03-13,SI,Hosps
2021-03-15,AT,Hosps
2021-03-15,BE,Hosps
2021-03-15,BG,Hosps
2021-03-15,CH,Hosps
2021-03-15,CY,Hosps
2021-03-15,CZ,Hosps
2021-03-15,DE,Hosps
2021-03-15,DK,Hosps
2021-03-15,EE,Hosps
2021-03-15,ES,Hosps
2021-03-15,FI,Hosps
2021-03-15,FR,Hosps
2021-03-15,GB,Hosps
2021-03-15,GR,Hosps
2021-03-15,HR,Hosps
2021-03-15,HU,Hosps
2021-03-15,IE,Hosps
2021-03-15,IS,Hosps
2021-03-15,IT,Hosps
2021-03-15,LI,Hosps
2021-03-15,LT,Hosps
2021-03-15,LU,Hosps
2021-03-15,LV,Hosps
2021-03-15,MT,Hosps
2021-03-15,NL,Hosps
2021-03-15,NO,Hosps
2021-03-15,PL,Hosps
2021-03-15,PT,Hosps
2021-03-15,RO,Hosps
2021-03-15,SE,Hosps
2021-03-15,SI,Hosps
2021-03-15,SK,Hosps
2021-03-20,DE,Cases
2021-03-20,FR,Cases
2021-03-20,LI,Cases
2021-03-20,SK,Cases
2021-03-20,AT,Deaths
2021-03-20,CH,Deaths
2021-03-20,CY,Deaths
2021-03-20,FI,Deaths
2021-03-20,FR,Deaths
2021-03-20,GB,Deaths
2021-03-20,LI,Deaths
2021-03-20,LT,Deaths
2021-03-20,BE,Hosps
2021-03-20,BG,Hosps
2021-03-20,CH,Hosps
2021-03-20,CY,Hosps
2021-03-20,CZ,Hosps
2021-03-20,DK,Hosps
2021-03-20,EE,Hosps
2021-03-20,ES,Hosps
2021-03-20,FR,Hosps
2021-03-20,GB,Hosps
2021-03-20,GR,Hosps
2021-03-20,HR,Hosps
2021-03-20,IE,Hosps
2021-03-20,IS,Hosps
2021-03-20,IT,Hosps
2021-03-20,LV,Hosps
2021-03-20,MT,Hosps
2021-03-20,NL,Hosps
2021-03-20,NO,Hosps
2021-03-20,PL,Hosps
2021-03-20,PT,Hosps
2021-03-20,SI,Hosps
2021-03-20,SK,Hosps
2021-03-22,AT,Hosps
2021-03-22,BE,Hosps
2021-03-22,BG,Hosps
2021-03-22,CH,Hosps
2021-03-22,CY,Hosps
2021-03-22,CZ,Hosps
2021-03-22,DE,Hosps
2021-03-22,DK,Hosps
2021-03-22,EE,Hosps
2021-03-22,ES,Hosps
2021-03-22,FI,Hosps
2021-03-22,FR,Hosps
2021-03-22,GB,Hosps
2021-03-22,GR,Hosps
2021-03-22,HR,Hosps
2021-03-22,HU,Hosps
2021-03-22,IE,Hosps
2021-03-22,IS,Hosps
2021-03-22,IT,Hosps
2021-03-22,LI,Hosps
2021-03-22,LT,Hosps
2021-03-22,LU,Hosps
2021-03-22,LV,Hosps
2021-03-22,MT,Hosps
2021-03-22,NL,Hosps
2021-03-22,NO,Hosps
2021-03-22,PL,Hosps
2021-03-22,PT,Hosps
2021-03-22,RO,Hosps
2021-03-22,SE,Hosps
2021-03-22,SI,Hosps
2021-03-22,SK,Hosps
2021-03-27,DE,Cases
2021-03-27,LI,Cases
2021-03-27,SK,Cases
2021-03-27,AT,Deaths
2021-03-27,CH,Deaths
2021-03-27,FI,Deaths
2021-03-27,GB,Deaths
2021-03-27,BE,Hosps
2021-03-27,BG,Hosps
2021-03-27,CH,Hosps
2021-03-27,CY,Hosps
2021-03-27,CZ,Hosps
2021-03-27,DK,Hosps
2021-03-27,EE,Hosps
2021-03-27,ES,Hosps
2021-03-27,FR,Hosps
2021-03-27,GB,Hosps
2021-03-27,GR,Hosps
2021-03-27,HR,Hosps
2021-03-27,IE,Hosps
2021-03-27,IS,Hosps
2021-03-27,IT,Hosps
2021-03-27,LV,Hosps
2021-03-27,MT,Hosps
2021-03-27,NL,Hosps
2021-03-27,NO,Hosps
2021-03-27,PL,Hosps
2021-03-27,PT,Hosps
2021-03-27,SI,Hosps
2021-03-27,SK,Hosps
2021-03-29,AT,Hosps
2021-03-29,BE,Hosps
2021-03-29,BG,Hosps
2021-03-29,CH,Hosps
2021-03-29,CY,Hosps
2021-03-29,CZ,Hosps
2021-03-29,DE,Hosps
2021-03-29,DK,Hosps
2021-03-29,EE,Hosps
2021-03-29,ES,Hosps
2021-03-29,FI,Hosps
2021-03-29,FR,Hosps
2021-03-29,GB,Hosps
2021-03-29,GR,Hosps
2021-03-29,HR,Hosps
2021-03-29,HU,Hosps
2021-03-29,IE,Hosps
2021-03-29,IS,Hosps
2021-03-29,IT,Hosps
2021-03-29,LI,Hosps
2021-03-29,LT,Hosps
2021-03-29,LU,Hosps
2021-03-29,LV,Hosps
2021-03-29,MT,Hosps
2021-03-29,NL,Hosps
2021-03-29,NO,Hosps
2021-03-29,PL,Hosps
2021-03-29,PT,Hosps
2021-03-29,RO,Hosps
2021-03-29,SE,Hosps
2021-03-29,SI,Hosps
2021-03-29,SK,Hosps
2021-04-03,FI,Cases
2021-04-03,SK,Cases
2021-04-03,AT,Deaths
2021-04-03,CH,Deaths
2021-04-03,CY,Deaths
2021-04-03,FI,Deaths
2021-04-03,GB,Deaths
2021-04-03,BE,Hosps
2021-04-03,BG,Hosps
2021-04-03,CH,Hosps
2021-04-03,CY,Hosps
2021-04-03,CZ,Hosps
2021-04-03,DK,Hosps
2021-04-03,EE,Hosps
2021-04-03,ES,Hosps
2021-04-03,FR,Hosps
2021-04-03,GB,Hosps
2021-04-03,GR,Hosps
2021-04-03,HR,Hosps
2021-04-03,IE,Hosps
2021-04-03,IS,Hosps
2021-04-03,IT,Hosps
2021-04-03,LV,Hosps
2021-04-03,MT,Hosps
2021-04-03,NL,Hosps
2021-04-03,NO,Hosps
2021-04-03,PL,Hosps
2021-04-03,PT,Hosps
2021-04-03,SI,Hosps
2021-04-03,SK,Hosps
2021-04-05,AT,Hosps
2021-04-05,BE,Hosps
2021-04-05,BG,Hosps
2021-04-05,CH,Hosps
2021-04-05,CY,Hosps
2021-04-05,CZ,Hosps
2021-04-05,DE,Hosps
2021-04-05,DK,Hosps
2021-04-05,EE,Hosps
2021-04-05,ES,Hosps
2021-04-05,FI,Hosps
2021-04-05,FR,Hosps
2021-04-05,GB,Hosps
2021-04-05,GR,Hosps
2021-04-05,HR,Hosps
2021-04-05,HU,Hosps
2021-04-05,IE,Hosps
2021-04-05,IS,Hosps
2021-04-05,IT,Hosps
2021-04-05,LI,Hosps
2021-04-05,LT,Hosps
2021-04-05,LU,Hosps
2021-04-05,LV,Hosps
2021-04-05,MT,Hosps
2021-04-05,NL,Hosps
2021-04-05,NO,Hosps
2021-04-05,PL,Hosps
2021-04-05,PT,Hosps
2021-04-05,RO,Hosps
2021-04-05,SE,Hosps
2021-04-05,SI,Hosps
2021-04-05,SK,Hosps
2021-04-10,DE,Cases
2021-04-10,FI,Cases
2021-04-10,LI,Cases
2021-04-10,SK,Cases
2021-04-10,AT,Deaths
2021-04-10,CH,Deaths
2021-04-10,CY,Deaths
2021-04-10,DE,Deaths
2021-04-10,FI,Deaths
2021-04-10,FR,Deaths
2021-04-10,GB,Deaths
2021-04-10,LT,Deaths
2021-04-10,BE,Hosps
2021-04-10,BG,Hosps
2021-04-10,CH,Hosps
2021-04-10,CY,Hosps
2021-04-10,CZ,Hosps
2021-04-10,DK,Hosps
2021-04-10,EE,Hosps
2021-04-10,ES,Hosps
2021-04-10,FR,Hosps
2021-04-10,GB,Hosps
2021-04-10,GR,Hosps
2021-04-10,HR,Hosps
2021-04-10,IE,Hosps
2021-04-10,IS,Hosps
2021-04-10,IT,Hosps
2021-04-10,LV,Hosps
2021-04-10,MT,Hosps
2021-04-10,NL,Hosps
2021-04-10,NO,Hosps
2021-04-10,PL,Hosps
2021-04-10,PT,Hosps
2021-04-10,SI,Hosps
2021-04-10,SK,Hosps
2021-04-12,AT,Hosps
2021-04-12,BE,Hosps
2021-04-12,BG,Hosps
2021-04-12,CH,Hosps
2021-04-12,CY,Hosps
2021-04-12,CZ,Hosps
2021-04-12,DE,Hosps
2021-04-12,DK,Hosps
2021-04-12,EE,Hosps
2021-04-12,ES,Hosps
2021-04-12,FI,Hosps
2021-04-12,FR,Hosps
2021-04-12,GB,Hosps
2021-04-12,GR,Hosps
2021-04-12,HR,Hosps
2021-04-12,HU,Hosps
2021-04-12,IE,Hosps
2021-04-12,IS,Hosps
2021-04-12,IT,Hosps
2021-04-12,LI,Hosps
2021-04-12,LT,Hosps
2021-04-12,LU,Hosps
2021-04-12,LV,Hosps
2021-04-12,MT,Hosps
2021-04-12,NL,Hosps
2021-04-12,NO,Hosps
2021-04-12,PL,Hosps
2021-04-12,PT,Hosps
2021-04-12,RO,Hosps
2021-04-12,SE,Hosps
2021-04-12,SI,Hosps
2021-04-12,SK,Hosps
2021-04-17,FI,Cases
2021-04-17,SK,Cases
2021-04-17,AT,Deaths
2021-04-17,CH,Deaths
2021-04-17,CY,Deaths
2021-04-17,FI,Deaths
2021-04-17,FR,Deaths
2021-04-17,GB,Deaths
2021-04-17,BE,Hosps
2021-04-17,BG,Hosps
2021-04-17,CH,Hosps
2021-04-17,CY,Hosps
2021-04-17,CZ,Hosps
2021-04-17,DK,Hosps
2021-04-17,EE,Hosps
2021-04-17,ES,Hosps
2021-04-17,FR,Hosps
2021-04-17,GB,Hosps
2021-04-17,GR,Hosps
2021-04-17,HR,Hosps
2021-04-17,IE,Hosps
2021-04-17,IS,Hosps
2021-04-17,IT,Hosps
2021-04-17,LV,Hosps
2021-04-17,MT,Hosps
2021-04-17,NL,Hosps
2021-04-17,NO,Hosps
2021-04-17,PL,Hosps
2021-04-17,PT,Hosps
2021-04-17,SI,Hosps
2021-04-17,SK,Hosps
2021-04-19,AT,Hosps
2021-04-19,BE,Hosps
2021-04-19,BG,Hosps
2021-04-19,CH,Hosps
2021-04-19,CY,Hosps
2021-04-19,CZ,Hosps
2021-04-19,DE,Hosps
2021-04-19,DK,Hosps
2021-04-19,EE,Hosps
2021-04-19,ES,Hosps
2021-04-19,FI,Hosps
2021-04-19,FR,Hosps
2021-04-19,GB,Hosps
2021-04-19,GR,Hosps
2021-04-19,HR,Hosps
2021-04-19,HU,Hosps
2021-04-19,IE,Hosps
2021-04-19,IS,Hosps
2021-04-19,IT,Hosps
2021-04-19,LI,Hosps
2021-04-19,LT,Hosps
2021-04-19,LU,Hosps
2021-04-19,LV,Hosps
2021-04-19,MT,Hosps
2021-04-19,NL,Hosps
2021-04-19,NO,Hosps
2021-04-19,PL,Hosps
2021-04-19,PT,Hosps
2021-04-19,RO,Hosps
2021-04-19,SE,Hosps
2021-04-19,SI,Hosps
2021-04-19,SK,Hosps
2021-04-24,LI,Cases
2021-04-24,SK,Cases
2021-04-24,AT,Deaths
2021-04-24,FI,Deaths
2021-04-24,GB,Deaths
2021-04-24,LI,Deaths
2021-04-24,BE,Hosps
2021-04-24,BG,Hosps
2021-04-24,CH,Hosps
2021-04-24,CY,Hosps
2021-04-24,CZ,Hosps
2021-04-24,DK,Hosps
2021-04-24,EE,Hosps
2021-04-24,ES,Hosps
2021-04-24,FR,Hosps
2021-04-24,GB,Hosps
2021-04-24,GR,Hosps
2021-04-24,HR,Hosps
2021-04-24,IE,Hosps
2021-04-24,IS,Hosps
2021-04-24,IT,Hosps
2021-04-24,LV,Hosps
2021-04-24,MT,Hosps
2021-04-24,NL,Hosps
2021-04-24,NO,Hosps
2021-04-24,PL,Hosps
2021-04-24,PT,Hosps
2021-04-24,SI,Hosps
2021-04-24,SK,Hosps
2021-04-26,AT,Hosps
2021-04-26,BE,Hosps
2021-04-26,BG,Hosps
2021-04-26,CH,Hosps
2021-04-26,CY,Hosps
2021-04-26,CZ,Hosps
2021-04-26,DE,Hosps
2021-04-26,DK,Hosps
2021-04-26,EE,Hosps
2021-04-26,ES,Hosps
2021-04-26,FI,Hosps
2021-04-26,FR,Hosps
2021-04-26,GB,Hosps
2021-04-26,GR,Hosps
2021-04-26,HR,Hosps
2021-04-26,HU,Hosps
2021-04-26,IE,Hosps
2021-04-26,IS,Hosps
2021-04-26,IT,Hosps
2021-04-26,LI,Hosps
2021-04-26,LT,Hosps
2021-04-26,LU,Hosps
2021-04-26,LV,Hosps
2021-04-26,MT,Hosps
2021-04-26,NL,Hosps
2021-04-26,NO,Hosps
2021-04-26,PL,Hosps
2021-04-26,PT,Hosps
2021-04-26,RO,Hosps
2021-04-26,SE,Hosps
2021-04-26,SI,Hosps
2021-04-26,SK,Hosps
2021-05-01,CY,Cases
2021-05-01,DE,Cases
2021-05-01,SK,Cases
2021-05-01,AT,Deaths
2021-05-01,CY,Deaths
2021-05-01,DE,Deaths
2021-05-01,FI,Deaths
2021-05-01,GB,Deaths
2021-05-01,BE,Hosps
2021-05-01,BG,Hosps
2021-05-01,CH,Hosps
2021-05-01,CY,Hosps
2021-05-01,CZ,Hosps
2021-05-01,DK,Hosps
2021-05-01,EE,Hosps
2021-05-01,ES,Hosps
2021-05-01,FR,Hosps
2021-05-01,GB,Hosps
2021-05-01,GR,Hosps
2021-05-01,HR,Hosps
2021-05-01,IE,Hosps
2021-05-01,IS,Hosps
2021-05-01,IT,Hosps
2021-05-01,LV,Hosps
2021-05-01,MT,Hosps
2021-05-01,NL,Hosps
2021-05-01,NO,Hosps
2021-05-01,PL,Hosps
2021-05-01,PT,Hosps
2021-05-01,SI,Hosps
2021-05-01,SK,Hosps
2021-05-03,AT,Hosps
2021-05-03,BE,Hosps
2021-05-03,BG,Hosps
2021-05-03,CH,Hosps
2021-05-03,CY,Hosps
2021-05-03,CZ,Hosps
2021-05-03,DE,Hosps
2021-05-03,DK,Hosps
2021-05-03,EE,Hosps
2021-05-03,ES,Hosps
2021-05-03,FI,Hosps
2021-05-03,FR,Hosps
2021-05-03,GB,Hosps
2021-05-03,GR,Hosps
2021-05-03,HR,Hosps
2021-05-03,HU,Hosps
2021-05-03,IE,Hosps
2021-05-03,IS,Hosps
2021-05-03,IT,Hosps
2021-05-03,LI,Hosps
2021-05-03,LT,Hosps
2021-05-03,LU,Hosps
2021-05-03,LV,Hosps
2021-05-03,MT,Hosps
2021-05-03,NL,Hosps
2021-05-03,NO,Hosps
2021-05-03,PL,Hosps
2021-05-03,PT,Hosps
2021-05-03,RO,Hosps
2021-05-03,SE,Hosps
2021-05-03,SI,Hosps
2021-05-03,SK,Hosps
2021-05-08,AT,Cases
2021-05-08,CY,Cases
2021-05-08,LI,Cases
2021-05-08,SK,Cases
2021-05-08,AT,Deaths
2021-05-08,CH,Deaths
2021-05-08,CY,Deaths
2021-05-08,FI,Deaths
2021-05-08,GB,Deaths
2021-05-08,BE,Hosps
2021-05-08,BG,Hosps
2021-05-08,CH,Hosps
2021-05-08,CY,Hosps
2021-05-08,CZ,Hosps
2021-05-08,DK,Hosps
2021-05-08,EE,Hosps
2021-05-08,ES,Hosps
2021-05-08,FR,Hosps
2021-05-08,GB,Hosps
2021-05-08,GR,Hosps
2021-05-08,HR,Hosps
2021-05-08,IE,Hosps
2021-05-08,IS,Hosps
2021-05-08,IT,Hosps
2021-05-08,LV,Hosps
2021-05-08,MT,Hosps
2021-05-08,NL,Hosps
2021-05-08,NO,Hosps
2021-05-08,PL,Hosps
2021-05-08,PT,Hosps
2021-05-08,SI,Hosps
2021-05-08,SK,Hosps
2021-05-10,AT,Hosps
2021-05-10,BE,Hosps
2021-05-10,BG,Hosps
2021-05-10,CH,Hosps
2021-05-10,CY,Hosps
2021-05-10,CZ,Hosps
2021-05-10,DE,Hosps
2021-05-10,DK,Hosps
2021-05-10,EE,Hosps
2021-05-10,ES,Hosps
2021-05-10,FI,Hosps
2021-05-10,FR,Hosps
2021-05-10,GB,Hosps
2021-05-10,GR,Hosps
2021-05-10,HR,Hosps
2021-05-10,HU,Hosps
2021-05-10,IE,Hosps
2021-05-10,IS,Hosps
2021-05-10,IT,Hosps
2021-05-10,LI,Hosps
2021-05-10,LT,Hosps
2021-05-10,LU,Hosps
2021-05-10,LV,Hosps
2021-05-10,MT,Hosps
2021-05-10,NL,Hosps
2021-05-10,NO,Hosps
2021-05-10,PL,Hosps
2021-05-10,PT,Hosps
2021-05-10,RO,Hosps
2021-05-10,SE,Hosps
2021-05-10,SI,Hosps
2021-05-10,SK,Hosps
2021-05-15,AT,Cases
2021-05-15,CY,Cases
2021-05-15,DE,Cases
2021-05-15,LI,Cases
2021-05-15,NL,Cases
2021-05-15,SK,Cases
2021-05-15,AT,Deaths
2021-05-15,FI,Deaths
2021-05-15,GB,Deaths
2021-05-15,BE,Hosps
2021-05-15,BG,Hosps
2021-05-15,CH,Hosps
2021-05-15,CY,Hosps
2021-05-15,CZ,Hosps
2021-05-15,DK,Hosps
2021-05-15,EE,Hosps
2021-05-15,ES,Hosps
2021-05-15,FR,Hosps
2021-05-15,GB,Hosps
2021-05-15,GR,Hosps
2021-05-15,HR,Hosps
2021-05-15,IE,Hosps
2021-05-15,IS,Hosps
2021-05-15,IT,Hosps
2021-05-15,LV,Hosps
2021-05-15,MT,Hosps
2021-05-15,NL,Hosps
2021-05-15,NO,Hosps
2021-05-15,PL,Hosps
2021-05-15,PT,Hosps
2021-05-15,SI,Hosps
2021-05-15,SK,Hosps
2021-05-17,AT,Hosps
2021-05-17,BE,Hosps
2021-05-17,BG,Hosps
2021-05-17,CH,Hosps
2021-05-17,CY,Hosps
2021-05-17,CZ,Hosps
2021-05-17,DE,Hosps
2021-05-17,DK,Hosps
2021-05-17,EE,Hosps
2021-05-17,ES,Hosps
2021-05-17,FI,Hosps
2021-05-17,FR,Hosps
2021-05-17,GB,Hosps
2021-05-17,GR,Hosps
2021-05-17,HR,Hosps
2021-05-17,HU,Hosps
2021-05-17,IE,Hosps
2021-05-17,IS,Hosps
2021-05-17,IT,Hosps
2021-05-17,LI,Hosps
2021-05-17,LT,Hosps
2021-05-17,LU,Hosps
2021-05-17,LV,Hosps
2021-05-17,MT,Hosps
2021-05-17,NL,Hosps
2021-05-17,NO,Hosps
2021-05-17,PL,Hosps
2021-05-17,PT,Hosps
2021-05-17,RO,Hosps
2021-05-17,SE,Hosps
2021-05-17,SI,Hosps
2021-05-17,SK,Hosps
2021-05-22,AT,Cases
2021-05-22,FR,Cases
2021-05-22,IE,Cases
2021-05-22,LI,Cases
2021-05-22,SK,Cases
2021-05-22,CH,Deaths
2021-05-22,CY,Deaths
2021-05-22,FI,Deaths
2021-05-22,FR,Deaths
2021-05-22,GB,Deaths
2021-05-22,IE,Deaths
2021-05-22,BE,Hosps
2021-05-22,BG,Hosps
2021-05-22,CH,Hosps
2021-05-22,CY,Hosps
2021-05-22,CZ,Hosps
2021-05-22,DK,Hosps
2021-05-22,EE,Hosps
2021-05-22,ES,Hosps
2021-05-22,FR,Hosps
2021-05-22,GB,Hosps
2021-05-22,GR,Hosps
2021-05-22,HR,Hosps
2021-05-22,IE,Hosps
2021-05-22,IS,Hosps
2021-05-22,IT,Hosps
2021-05-22,LV,Hosps
2021-05-22,MT,Hosps
2021-05-22,NL,Hosps
2021-05-22,NO,Hosps
2021-05-22,PL,Hosps
2021-05-22,PT,Hosps
2021-05-22,SI,Hosps
2021-05-22,SK,Hosps
2021-05-24,AT,Hosps
2021-05-24,BE,Hosps
2021-05-24,BG,Hosps
2021-05-24,CH,Hosps
2021-05-24,CY,Hosps
2021-05-24,CZ,Hosps
2021-05-24,DE,Hosps
2021-05-24,DK,Hosps
2021-05-24,EE,Hosps
2021-05-24,ES,Hosps
2021-05-24,FI,Hosps
2021-05-24,FR,Hosps
2021-05-24,GB,Hosps
2021-05-24,GR,Hosps
2021-05-24,HR,Hosps
2021-05-24,HU,Hosps
2021-05-24,IE,Hosps
2021-05-24,IS,Hosps
2021-05-24,IT,Hosps
2021-05-24,LI,Hosps
2021-05-24,LT,Hosps
2021-05-24,LU,Hosps
2021-05-24,LV,Hosps
2021-05-24,MT,Hosps
2021-05-24,NL,Hosps
2021-05-24,NO,Hosps
2021-05-24,PL,Hosps
2021-05-24,PT,Hosps
2021-05-24,RO,Hosps
2021-05-24,SE,Hosps
2021-05-24,SI,Hosps
2021-05-24,SK,Hosps
2021-05-29,CY,Cases
2021-05-29,FI,Cases
2021-05-29,IE,Cases
2021-05-29,IS,Cases
2021-05-29,LI,Cases
2021-05-29,SK,Cases
2021-05-29,AT,Deaths
2021-05-29,CY,Deaths
2021-05-29,FI,Deaths
2021-05-29,GB,Deaths
2021-05-29,IE,Deaths
2021-05-29,IS,Deaths
2021-05-29,BE,Hosps
2021-05-29,BG,Hosps
2021-05-29,CH,Hosps
2021-05-29,CY,Hosps
2021-05-29,CZ,Hosps
2021-05-29,DK,Hosps
2021-05-29,EE,Hosps
2021-05-29,ES,Hosps
2021-05-29,FR,Hosps
2021-05-29,GB,Hosps
2021-05-29,GR,Hosps
2021-05-29,HR,Hosps
2021-05-29,IE,Hosps
2021-05-29,IS,Hosps
2021-05-29,IT,Hosps
2021-05-29,LV,Hosps
2021-05-29,MT,Hosps
2021-05-29,NL,Hosps
2021-05-29,NO,Hosps
2021-05-29,PL,Hosps
2021-05-29,PT,Hosps
2021-05-29,SI,Hosps
2021-05-29,SK,Hosps
2021-05-31,AT,Hosps
2021-05-31,BE,Hosps
2021-05-31,BG,Hosps
2021-05-31,CH,Hosps
2021-05-31,CY,Hosps
2021-05-31,CZ,Hosps
2021-05-31,DE,Hosps
2021-05-31,DK,Hosps
2021-05-31,EE,Hosps
2021-05-31,ES,Hosps
2021-05-31,FI,Hosps
2021-05-31,FR,Hosps
2021-05-31,GB,Hosps
2021-05-31,GR,Hosps
2021-05-31,HR,Hosps
2021-05-31,HU,Hosps
2021-05-31,IE,Hosps
2021-05-31,IS,Hosps
2021-05-31,IT,Hosps
2021-05-31,LI,Hosps
2021-05-31,LT,Hosps
2021-05-31,LU,Hosps
2021-05-31,LV,Hosps
2021-05-31,MT,Hosps
2021-05-31,NL,Hosps
2021-05-31,NO,Hosps
2021-05-31,PL,Hosps
2021-05-31,PT,Hosps
2021-05-31,RO,Hosps
2021-05-31,SE,Hosps
2021-05-31,SI,Hosps
2021-05-31,SK,Hosps
2021-06-05,AT,Cases
2021-06-05,CY,Cases
2021-06-05,IE,Cases
2021-06-05,IS,Cases
2021-06-05,NL,Cases
2021-06-05,SK,Cases
2021-06-05,AT,Deaths
2021-06-05,CH,Deaths
2021-06-05,CY,Deaths
2021-06-05,DE,Deaths
2021-06-05,FI,Deaths
2021-06-05,GB,Deaths
2021-06-05,IE,Deaths
2021-06-05,BE,Hosps
2021-06-05,BG,Hosps
2021-06-05,CH,Hosps
2021-06-05,CY,Hosps
2021-06-05,CZ,Hosps
2021-06-05,DK,Hosps
2021-06-05,EE,Hosps
2021-06-05,ES,Hosps
2021-06-05,FR,Hosps
2021-06-05,GB,Hosps
2021-06-05,GR,Hosps
2021-06-05,HR,Hosps
2021-06-05,IE,Hosps
2021-06-05,IS,Hosps
2021-06-05,IT,Hosps
2021-06-05,LV,Hosps
2021-06-05,MT,Hosps
2021-06-05,NL,Hosps
2021-06-05,NO,Hosps
2021-06-05,PL,Hosps
2021-06-05,PT,Hosps
2021-06-05,SI,Hosps
2021-06-05,SK,Hosps
2021-06-07,AT,Hosps
2021-06-07,BE,Hosps
2021-06-07,BG,Hosps
2021-06-07,CH,Hosps
2021-06-07,CY,Hosps
2021-06-07,CZ,Hosps
2021-06-07,DE,Hosps
2021-06-07,DK,Hosps
2021-06-07,EE,Hosps
2021-06-07,ES,Hosps
2021-06-07,FI,Hosps
2021-06-07,FR,Hosps
2021-06-07,GB,Hosps
2021-06-07,GR,Hosps
2021-06-07,HR,Hosps
2021-06-07,HU,Hosps
2021-06-07,IE,Hosps
2021-06-07,IS,Hosps
2021-06-07,IT,Hosps
2021-06-07,LI,Hosps
2021-06-07,LT,Hosps
2021-06-07,LU,Hosps
2021-06-07,LV,Hosps
2021-06-07,MT,Hosps
2021-06-07,NL,Hosps
2021-06-07,NO,Hosps
2021-06-07,PL,Hosps
2021-06-07,PT,Hosps
2021-06-07,RO,Hosps
2021-06-07,SE,Hosps
2021-06-07,SI,Hosps
2021-06-07,SK,Hosps
2021-06-12,AT,Cases
2021-06-12,CY,Cases
2021-06-12,ES,Cases
2021-06-12,IE,Cases
2021-06-12,IS,Cases
2021-06-12,LI,Cases
2021-06-12,NL,Cases
2021-06-12,SK,Cases
2021-06-12,AT,Deaths
2021-06-12,CH,Deaths
2021-06-12,FI,Deaths
2021-06-12,GB,Deaths
2021-06-12,IE,Deaths
2021-06-12,BE,Hosps
2021-06-12,BG,Hosps
2021-06-12,CH,Hosps
2021-06-12,CY,Hosps
2021-06-12,CZ,Hosps
2021-06-12,DK,Hosps
2021-06-12,EE,Hosps
2021-06-12,ES,Hosps
2021-06-12,FR,Hosps
2021-06-12,GB,Hosps
2021-06-12,GR,Hosps
2021-06-12,HR,Hosps
2021-06-12,IE,Hosps
2021-06-12,IS,Hosps
2021-06-12,IT,Hosps
2021-06-12,LV,Hosps
2021-06-12,MT,Hosps
2021-06-12,NL,Hosps
2021-06-12,NO,Hosps
2021-06-12,PL,Hosps
2021-06-12,PT,Hosps
2021-06-12,SI,Hosps
2021-06-12,SK,Hosps
2021-06-14,AT,Hosps
2021-06-14,BE,Hosps
2021-06-14,BG,Hosps
2021-06-14,CH,Hosps
2021-06-14,CY,Hosps
2021-06-14,CZ,Hosps
2021-06-14,DE,Hosps
2021-06-14,DK,Hosps
2021-06-14,EE,Hosps
2021-06-14,ES,Hosps
2021-06-14,FI,Hosps
2021-06-14,FR,Hosps
2021-06-14,GB,Hosps
2021-06-14,GR,Hosps
2021-06-14,HR,Hosps
2021-06-14,HU,Hosps
2021-06-14,IE,Hosps
2021-06-14,IS,Hosps
2021-06-14,IT,Hosps
2021-06-14,LI,Hosps
2021-06-14,LT,Hosps
2021-06-14,LU,Hosps
2021-06-14,LV,Hosps
2021-06-14,MT,Hosps
2021-06-14,NL,Hosps
2021-06-14,NO,Hosps
2021-06-14,PL,Hosps
2021-06-14,PT,Hosps
2021-06-14,RO,Hosps
2021-06-14,SE,Hosps
2021-06-14,SI,Hosps
2021-06-14,SK,Hosps
2021-06-19,AT,Cases
2021-06-19,DE,Cases
2021-06-19,IS,Cases
2021-06-19,NL,Cases
2021-06-19,SK,Cases
2021-06-19,AT,Deaths
2021-06-19,CH,Deaths
2021-06-19,CY,Deaths
2021-06-19,DE,Deaths
2021-06-19,FI,Deaths
2021-06-19,GB,Deaths
2021-06-19,LT,Deaths
2021-06-19,BE,Hosps
2021-06-19,BG,Hosps
2021-06-19,CH,Hosps
2021-06-19,CY,Hosps
2021-06-19,CZ,Hosps
2021-06-19,DK,Hosps
2021-06-19,EE,Hosps
2021-06-19,ES,Hosps
2021-06-19,FR,Hosps
2021-06-19,GB,Hosps
2021-06-19,GR,Hosps
2021-06-19,HR,Hosps
2021-06-19,IE,Hosps
2021-06-19,IS,Hosps
2021-06-19,IT,Hosps
2021-06-19,LV,Hosps
2021-06-19,MT,Hosps
2021-06-19,NL,Hosps
2021-06-19,NO,Hosps
2021-06-19,PL,Hosps
2021-06-19,PT,Hosps
2021-06-19,SI,Hosps
2021-06-19,SK,Hosps
2021-06-20,SE,Cases
2021-06-20,SE,Deaths
2021-06-21,AT,Hosps
2021-06-21,BE,Hosps
2021-06-21,BG,Hosps
2021-06-21,CH,Hosps
2021-06-21,CY,Hosps
2021-06-21,CZ,Hosps
2021-06-21,DE,Hosps
2021-06-21,DK,Hosps
2021-06-21,EE,Hosps
2021-06-21,ES,Hosps
2021-06-21,FI,Hosps
2021-06-21,FR,Hosps
2021-06-21,GB,Hosps
2021-06-21,GR,Hosps
2021-06-21,HR,Hosps
2021-06-21,HU,Hosps
2021-06-21,IE,Hosps
2021-06-21,IS,Hosps
2021-06-21,IT,Hosps
2021-06-21,LI,Hosps
2021-06-21,LT,Hosps
2021-06-21,LU,Hosps
2021-06-21,LV,Hosps
2021-06-21,MT,Hosps
2021-06-21,NL,Hosps
2021-06-21,NO,Hosps
2021-06-21,PL,Hosps
2021-06-21,PT,Hosps
2021-06-21,RO,Hosps
2021-06-21,SE,Hosps
2021-06-21,SI,Hosps
2021-06-21,SK,Hosps
2021-06-26,AT,Cases
2021-06-26,CY,Cases
2021-06-26,DE,Cases
2021-06-26,FI,Cases
2021-06-26,IS,Cases
2021-06-26,SK,Cases
2021-06-26,AT,Deaths
2021-06-26,CH,Deaths
2021-06-26,DE,Deaths
2021-06-26,GB,Deaths
2021-06-26,BE,Hosps
2021-06-26,BG,Hosps
2021-06-26,CH,Hosps
2021-06-26,CY,Hosps
2021-06-26,CZ,Hosps
2021-06-26,DK,Hosps
2021-06-26,EE,Hosps
2021-06-26,ES,Hosps
2021-06-26,FR,Hosps
2021-06-26,GB,Hosps
2021-06-26,GR,Hosps
2021-06-26,HR,Hosps
2021-06-26,IE,Hosps
2021-06-26,IS,Hosps
2021-06-26,IT,Hosps
2021-06-26,LV,Hosps
2021-06-26,MT,Hosps
2021-06-26,NL,Hosps
2021-06-26,NO,Hosps
2021-06-26,PL,Hosps
2021-06-26,PT,Hosps
2021-06-26,SI,Hosps
2021-06-26,SK,Hosps
2021-06-28,AT,Hosps
2021-06-28,BE,Hosps
2021-06-28,BG,Hosps
2021-06-28,CH,Hosps
2021-06-28,CY,Hosps
2021-06-28,CZ,Hosps
2021-06-28,DE,Hosps
2021-06-28,DK,Hosps
2021-06-28,EE,Hosps
2021-06-28,ES,Hosps
2021-06-28,FI,Hosps
2021-06-28,FR,Hosps
2021-06-28,GB,Hosps
2021-06-28,GR,Hosps
2021-06-28,HR,Hosps
2021-06-28,HU,Hosps
2021-06-28,IE,Hosps
2021-06-28,IS,Hosps
2021-06-28,IT,Hosps
2021-06-28,LI,Hosps
2021-06-28,LT,Hosps
2021-06-28,LU,Hosps
2021-06-28,LV,Hosps
2021-06-28,MT,Hosps
2021-06-28,NL,Hosps
2021-06-28,NO,Hosps
2021-06-28,PL,Hosps
2021-06-28,PT,Hosps
2021-06-28,RO,Hosps
2021-06-28,SE,Hosps
2021-06-28,SI,Hosps
2021-06-28,SK,Hosps
2021-07-03,AT,Cases
2021-07-03,FI,Cases
2021-07-03,IS,Cases
2021-07-03,LI,Cases
2021-07-03,NL,Cases
2021-07-03,SK,Cases
2021-07-03,AT,Deaths
2021-07-03,CH,Deaths
2021-07-03,DE,Deaths
2021-07-03,FI,Deaths
2021-07-03,GB,Deaths
2021-07-03,GR,Deaths
2021-07-03,LT,Deaths
2021-07-03,BE,Hosps
2021-07-03,BG,Hosps
2021-07-03,CH,Hosps
2021-07-03,CY,Hosps
2021-07-03,CZ,Hosps
2021-07-03,DK,Hosps
2021-07-03,EE,Hosps
2021-07-03,ES,Hosps
2021-07-03,FR,Hosps
2021-07-03,GB,Hosps
2021-07-03,GR,Hosps
2021-07-03,HR,Hosps
2021-07-03,IE,Hosps
2021-07-03,IS,Hosps
2021-07-03,IT,Hosps
2021-07-03,LV,Hosps
2021-07-03,MT,Hosps
2021-07-03,NL,Hosps
2021-07-03,NO,Hosps
2021-07-03,PT,Hosps
2021-07-03,SI,Hosps
2021-07-03,SK,Hosps
2021-07-05,AT,Hosps
2021-07-05,BE,Hosps
2021-07-05,BG,Hosps
2021-07-05,CH,Hosps
2021-07-05,CY,Hosps
2021-07-05,CZ,Hosps
2021-07-05,DE,Hosps
2021-07-05,DK,Hosps
2021-07-05,EE,Hosps
2021-07-05,ES,Hosps
2021-07-05,FI,Hosps
2021-07-05,FR,Hosps
2021-07-05,GB,Hosps
2021-07-05,GR,Hosps
2021-07-05,HR,Hosps
2021-07-05,HU,Hosps
2021-07-05,IE,Hosps
2021-07-05,IS,Hosps
2021-07-05,IT,Hosps
2021-07-05,LI,Hosps
2021-07-05,LT,Hosps
2021-07-05,LU,Hosps
2021-07-05,LV,Hosps
2021-07-05,MT,Hosps
2021-07-05,NL,Hosps
2021-07-05,NO,Hosps
2021-07-05,PL,Hosps
2021-07-05,PT,Hosps
2021-07-05,RO,Hosps
2021-07-05,SE,Hosps
2021-07-05,SI,Hosps
2021-07-05,SK,Hosps
2021-07-10,CY,Cases
2021-07-10,IS,Cases
2021-07-10,LI,Cases
2021-07-10,NL,Cases
2021-07-10,SK,Cases
2021-07-10,AT,Deaths
2021-07-10,CH,Deaths
2021-07-10,DE,Deaths
2021-07-10,FI,Deaths
2021-07-10,GB,Deaths
2021-07-10,BE,Hosps
2021-07-10,BG,Hosps
2021-07-10,CH,Hosps
2021-07-10,CY,Hosps
2021-07-10,CZ,Hosps
2021-07-10,DK,Hosps
2021-07-10,EE,Hosps
2021-07-10,ES,Hosps
2021-07-10,FR,Hosps
2021-07-10,GB,Hosps
2021-07-10,GR,Hosps
2021-07-10,HR,Hosps
2021-07-10,IE,Hosps
2021-07-10,IS,Hosps
2021-07-10,IT,Hosps
2021-07-10,LV,Hosps
2021-07-10,MT,Hosps
2021-07-10,NL,Hosps
2021-07-10,NO,Hosps
2021-07-10,PL,Hosps
2021-07-10,PT,Hosps
2021-07-10,SI,Hosps
2021-07-10,SK,Hosps
2021-07-12,AT,Hosps
2021-07-12,BE,Hosps
2021-07-12,BG,Hosps
2021-07-12,CH,Hosps
2021-07-12,CY,Hosps
2021-07-12,CZ,Hosps
2021-07-12,DE,Hosps
2021-07-12,DK,Hosps
2021-07-12,EE,Hosps
2021-07-12,ES,Hosps
2021-07-12,FI,Hosps
2021-07-12,FR,Hosps
2021-07-12,GB,Hosps
2021-07-12,GR,Hosps
2021-07-12,HR,Hosps
2021-07-12,HU,Hosps
2021-07-12,IE,Hosps
2021-07-12,IS,Hosps
2021-07-12,IT,Hosps
2021-07-12,LI,Hosps
2021-07-12,LT,Hosps
2021-07-12,LU,Hosps
2021-07-12,LV,Hosps
2021-07-12,MT,Hosps
2021-07-12,NL,Hosps
2021-07-12,NO,Hosps
2021-07-12,PL,Hosps
2021-07-12,PT,Hosps
2021-07-12,RO,Hosps
2021-07-12,SE,Hosps
2021-07-12,SI,Hosps
2021-07-12,SK,Hosps
2021-07-17,AT,Cases
2021-07-17,FI,Cases
2021-07-17,IS,Cases
2021-07-17,LI,Cases
2021-07-17,SK,Cases
2021-07-17,AT,Deaths
2021-07-17,CH,Deaths
2021-07-17,CY,Deaths
2021-07-17,DE,Deaths
2021-07-17,FI,Deaths
2021-07-17,GB,Deaths
2021-07-17,LT,Deaths
2021-07-17,BE,Hosps
2021-07-17,BG,Hosps
2021-07-17,CH,Hosps
2021-07-17,CY,Hosps
2021-07-17,CZ,Hosps
2021-07-17,DK,Hosps
2021-07-17,EE,Hosps
2021-07-17,ES,Hosps
2021-07-17,FR,Hosps
2021-07-17,GB,Hosps
2021-07-17,GR,Hosps
2021-07-17,HR,Hosps
2021-07-17,IE,Hosps
2021-07-17,IS,Hosps
2021-07-17,IT,Hosps
2021-07-17,LV,Hosps
2021-07-17,MT,Hosps
2021-07-17,NL,Hosps
2021-07-17,NO,Hosps
2021-07-17,PT,Hosps
2021-07-17,SI,Hosps
2021-07-17,SK,Hosps
2021-07-19,AT,Hosps
2021-07-19,BE,Hosps
2021-07-19,BG,Hosps
2021-07-19,CH,Hosps
2021-07-19,CY,Hosps
2021-07-19,CZ,Hosps
2021-07-19,DE,Hosps
2021-07-19,DK,Hosps
2021-07-19,EE,Hosps
2021-07-19,ES,Hosps
2021-07-19,FI,Hosps
2021-07-19,FR,Hosps
2021-07-19,GB,Hosps
2021-07-19,GR,Hosps
2021-07-19,HR,Hosps
2021-07-19,HU,Hosps
2021-07-19,IE,Hosps
2021-07-19,IS,Hosps
2021-07-19,IT,Hosps
2021-07-19,LI,Hosps
2021-07-19,LT,Hosps
2021-07-19,LU,Hosps
2021-07-19,LV,Hosps
2021-07-19,MT,Hosps
2021-07-19,NL,Hosps
2021-07-19,NO,Hosps
2021-07-19,PL,Hosps
2021-07-19,PT,Hosps
2021-07-19,RO,Hosps
2021-07-19,SE,Hosps
2021-07-19,SI,Hosps
2021-07-19,SK,Hosps
2021-07-24,CY,Cases
2021-07-24,FI,Cases
2021-07-24,LI,Cases
2021-07-24,NL,Cases
2021-07-24,NO,Cases
2021-07-24,SK,Cases
2021-07-24,AT,Deaths
2021-07-24,CH,Deaths
2021-07-24,CY,Deaths
2021-07-24,DE,Deaths
2021-07-24,FI,Deaths
2021-07-24,FR,Deaths
2021-07-24,GB,Deaths
2021-07-24,LT,Deaths
2021-07-24,BE,Hosps
2021-07-24,BG,Hosps
2021-07-24,CH,Hosps
2021-07-24,CY,Hosps
2021-07-24,CZ,Hosps
2021-07-24,DK,Hosps
2021-07-24,EE,Hosps
2021-07-24,ES,Hosps
2021-07-24,FR,Hosps
2021-07-24,GB,Hosps
2021-07-24,GR,Hosps
2021-07-24,HR,Hosps
2021-07-24,IE,Hosps
2021-07-24,IS,Hosps
2021-07-24,IT,Hosps
2021-07-24,LV,Hosps
2021-07-24,MT,Hosps
2021-07-24,NL,Hosps
2021-07-24,NO,Hosps
2021-07-24,PL,Hosps
2021-07-24,PT,Hosps
2021-07-24,SI,Hosps
2021-07-24,SK,Hosps
2021-07-26,AT,Hosps
2021-07-26,BE,Hosps
2021-07-26,BG,Hosps
2021-07-26,CH,Hosps
2021-07-26,CY,Hosps
2021-07-26,CZ,Hosps
2021-07-26,DE,Hosps
2021-07-26,DK,Hosps
2021-07-26,EE,Hosps
2021-07-26,ES,Hosps
2021-07-26,FI,Hosps
2021-07-26,FR,Hosps
2021-07-26,GB,Hosps
2021-07-26,GR,Hosps
2021-07-26,HR,Hosps
2021-07-26,HU,Hosps
2021-07-26,IE,Hosps
2021-07-26,IS,Hosps
2021-07-26,IT,Hosps
2021-07-26,LI,Hosps
2021-07-26,LT,Hosps
2021-07-26,LU,Hosps
2021-07-26,LV,Hosps
2021-07-26,MT,Hosps
2021-07-26,NL,Hosps
2021-07-26,NO,Hosps
2021-07-26,PL,Hosps
2021-07-26,PT,Hosps
2021-07-26,RO,Hosps
2021-07-26,SE,Hosps
2021-07-26,SI,Hosps
2021-07-26,SK,Hosps
2021-07-31,FI,Cases
2021-07-31,NL,Cases
2021-07-31,SK,Cases
2021-07-31,AT,Deaths
2021-07-31,CH,Deaths
2021-07-31,CY,Deaths
2021-07-31,FI,Deaths
2021-07-31,GB,Deaths
2021-07-31,LT,Deaths
2021-07-31,BE,Hosps
2021-07-31,BG,Hosps
2021-07-31,CH,Hosps
2021-07-31,CY,Hosps
2021-07-31,CZ,Hosps
2021-07-31,DK,Hosps
2021-07-31,EE,Hosps
2021-07-31,ES,Hosps
2021-07-31,FR,Hosps
2021-07-31,GB,Hosps
2021-07-31,GR,Hosps
2021-07-31,HR,Hosps
2021-07-31,IE,Hosps
2021-07-31,IS,Hosps
2021-07-31,IT,Hosps
2021-07-31,LV,Hosps
2021-07-31,MT,Hosps
2021-07-31,NL,Hosps
2021-07-31,NO,Hosps
2021-07-31,PL,Hosps
2021-07-31,PT,Hosps
2021-07-31,SI,Hosps
2021-07-31,SK,Hosps
2021-08-02,AT,Hosps
2021-08-02,BE,Hosps
2021-08-02,BG,Hosps
2021-08-02,CH,Hosps
2021-08-02,CY,Hosps
2021-08-02,CZ,Hosps
2021-08-02,DE,Hosps
2021-08-02,DK,Hosps
2021-08-02,EE,Hosps
2021-08-02,ES,Hosps
2021-08-02,FI,Hosps
2021-08-02,FR,Hosps
2021-08-02,GB,Hosps
2021-08-02,GR,Hosps
2021-08-02,HR,Hosps
2021-08-02,HU,Hosps
2021-08-02,IE,Hosps
2021-08-02,IS,Hosps
2021-08-02,IT,Hosps
2021-08-02,LI,Hosps
2021-08-02,LT,Hosps
2021-08-02,LU,Hosps
2021-08-02,LV,Hosps
2021-08-02,MT,Hosps
2021-08-02,NL,Hosps
2021-08-02,NO,Hosps
2021-08-02,PL,Hosps
2021-08-02,PT,Hosps
2021-08-02,RO,Hosps
2021-08-02,SE,Hosps
2021-08-02,SI,Hosps
2021-08-02,SK,Hosps
2021-08-07,CY,Cases
2021-08-07,FI,Cases
2021-08-07,LI,Cases
2021-08-07,SK,Cases
2021-08-07,AT,Deaths
2021-08-07,CH,Deaths
2021-08-07,FI,Deaths
2021-08-07,GB,Deaths
2021-08-07,LT,Deaths
2021-08-07,BE,Hosps
2021-08-07,BG,Hosps
2021-08-07,CH,Hosps
2021-08-07,CY,Hosps
2021-08-07,CZ,Hosps
2021-08-07,DK,Hosps
2021-08-07,EE,Hosps
2021-08-07,ES,Hosps
2021-08-07,FR,Hosps
2021-08-07,GB,Hosps
2021-08-07,GR,Hosps
2021-08-07,HR,Hosps
2021-08-07,IE,Hosps
2021-08-07,IS,Hosps
2021-08-07,IT,Hosps
2021-08-07,LV,Hosps
2021-08-07,MT,Hosps
2021-08-07,NL,Hosps
2021-08-07,NO,Hosps
2021-08-07,PL,Hosps
2021-08-07,PT,Hosps
2021-08-07,SI,Hosps
2021-08-07,SK,Hosps
2021-08-09,AT,Hosps
2021-08-09,BE,Hosps
2021-08-09,BG,Hosps
2021-08-09,CH,Hosps
2021-08-09,CY,Hosps
2021-08-09,CZ,Hosps
2021-08-09,DE,Hosps
2021-08-09,DK,Hosps
2021-08-09,EE,Hosps
2021-08-09,ES,Hosps
2021-08-09,FI,Hosps
2021-08-09,FR,Hosps
2021-08-09,GB,Hosps
2021-08-09,GR,Hosps
2021-08-09,HR,Hosps
2021-08-09,HU,Hosps
2021-08-09,IE,Hosps
2021-08-09,IS,Hosps
2021-08-09,IT,Hosps
2021-08-09,LI,Hosps
2021-08-09,LT,Hosps
2021-08-09,LU,Hosps
2021-08-09,LV,Hosps
2021-08-09,MT,Hosps
2021-08-09,NL,Hosps
2021-08-09,NO,Hosps
2021-08-09,PL,Hosps
2021-08-09,PT,Hosps
2021-08-09,RO,Hosps
2021-08-09,SE,Hosps
2021-08-09,SI,Hosps
2021-08-09,SK,Hosps
2021-08-14,AT,Cases
2021-08-14,FR,Cases
2021-08-14,LI,Cases
2021-08-14,SK,Cases
2021-08-14,AT,Deaths
2021-08-14,CY,Deaths
2021-08-14,DE,Deaths
2021-08-14,FI,Deaths
2021-08-14,FR,Deaths
2021-08-14,GB,Deaths
2021-08-14,LT,Deaths
2021-08-14,BE,Hosps
2021-08-14,BG,Hosps
2021-08-14,CH,Hosps
2021-08-14,CY,Hosps
2021-08-14,CZ,Hosps
2021-08-14,DK,Hosps
2021-08-14,EE,Hosps
2021-08-14,ES,Hosps
2021-08-14,FR,Hosps
2021-08-14,GB,Hosps
2021-08-14,GR,Hosps
2021-08-14,HR,Hosps
2021-08-14,IE,Hosps
2021-08-14,IS,Hosps
2021-08-14,IT,Hosps
2021-08-14,LV,Hosps
2021-08-14,MT,Hosps
2021-08-14,NL,Hosps
2021-08-14,NO,Hosps
2021-08-14,PL,Hosps
2021-08-14,PT,Hosps
2021-08-14,SI,Hosps
2021-08-14,SK,Hosps
2021-08-16,AT,Hosps
2021-08-16,BE,Hosps
2021-08-16,BG,Hosps
2021-08-16,CH,Hosps
2021-08-16,CY,Hosps
2021-08-16,CZ,Hosps
2021-08-16,DE,Hosps
2021-08-16,DK,Hosps
2021-08-16,EE,Hosps
2021-08-16,ES,Hosps
2021-08-16,FI,Hosps
2021-08-16,FR,Hosps
2021-08-16,GB,Hosps
2021-08-16,GR,Hosps
2021-08-16,HR,Hosps
2021-08-16,HU,Hosps
2021-08-16,IE,Hosps
2021-08-16,IS,Hosps
2021-08-16,IT,Hosps
2021-08-16,LI,Hosps
2021-08-16,LT,Hosps
2021-08-16,LU,Hosps
2021-08-16,LV,Hosps
2021-08-16,MT,Hosps
2021-08-16,NL,Hosps
2021-08-16,NO,Hosps
2021-08-16,PL,Hosps
2021-08-16,PT,Hosps
2021-08-16,RO,Hosps
2021-08-16,SE,Hosps
2021-08-16,SI,Hosps
2021-08-16,SK,Hosps
2021-08-21,LI,Cases
2021-08-21,LT,Cases
2021-08-21,SK,Cases
2021-08-21,AT,Deaths
2021-08-21,CH,Deaths
2021-08-21,CY,Deaths
2021-08-21,DE,Deaths
2021-08-21,FI,Deaths
2021-08-21,FR,Deaths
2021-08-21,GB,Deaths
2021-08-21,BE,Hosps
2021-08-21,BG,Hosps
2021-08-21,CH,Hosps
2021-08-21,CY,Hosps
2021-08-21,CZ,Hosps
2021-08-21,DK,Hosps
2021-08-21,EE,Hosps
2021-08-21,ES,Hosps
2021-08-21,FR,Hosps
2021-08-21,GB,Hosps
2021-08-21,GR,Hosps
2021-08-21,HR,Hosps
2021-08-21,IE,Hosps
2021-08-21,IS,Hosps
2021-08-21,IT,Hosps
2021-08-21,LI,Hosps
2021-08-21,LV,Hosps
2021-08-21,MT,Hosps
2021-08-21,NL,Hosps
2021-08-21,NO,Hosps
2021-08-21,PL,Hosps
2021-08-21,PT,Hosps
2021-08-21,SI,Hosps
2021-08-21,SK,Hosps
2021-08-23,AT,Hosps
2021-08-23,BE,Hosps
2021-08-23,BG,Hosps
2021-08-23,CH,Hosps
2021-08-23,CY,Hosps
2021-08-23,CZ,Hosps
2021-08-23,DE,Hosps
2021-08-23,DK,Hosps
2021-08-23,EE,Hosps
2021-08-23,ES,Hosps
2021-08-23,FI,Hosps
2021-08-23,FR,Hosps
2021-08-23,GB,Hosps
2021-08-23,GR,Hosps
2021-08-23,HR,Hosps
2021-08-23,HU,Hosps
2021-08-23,IE,Hosps
2021-08-23,IS,Hosps
2021-08-23,IT,Hosps
2021-08-23,LI,Hosps
2021-08-23,LT,Hosps
2021-08-23,LU,Hosps
2021-08-23,LV,Hosps
2021-08-23,MT,Hosps
2021-08-23,NL,Hosps
2021-08-23,NO,Hosps
2021-08-23,PL,Hosps
2021-08-23,PT,Hosps
2021-08-23,RO,Hosps
2021-08-23,SE,Hosps
2021-08-23,SI,Hosps
2021-08-23,SK,Hosps
2021-08-28,LI,Cases
2021-08-28,SK,Cases
2021-08-28,AT,Deaths
2021-08-28,CH,Deaths
2021-08-28,CY,Deaths
2021-08-28,FI,Deaths
2021-08-28,FR,Deaths
2021-08-28,GB,Deaths
2021-08-28,GR,Deaths
2021-08-28,BE,Hosps
2021-08-28,BG,Hosps
2021-08-28,CH,Hosps
2021-08-28,CY,Hosps
2021-08-28,CZ,Hosps
2021-08-28,DK,Hosps
2021-08-28,EE,Hosps
2021-08-28,ES,Hosps
2021-08-28,FR,Hosps
2021-08-28,GB,Hosps
2021-08-28,GR,Hosps
2021-08-28,HR,Hosps
2021-08-28,IE,Hosps
2021-08-28,IS,Hosps
2021-08-28,IT,Hosps
2021-08-28,LI,Hosps
2021-08-28,LV,Hosps
2021-08-28,MT,Hosps
2021-08-28,NL,Hosps
2021-08-28,NO,Hosps
2021-08-28,PL,Hosps
2021-08-28,PT,Hosps
2021-08-28,SI,Hosps
2021-08-28,SK,Hosps
2021-08-30,AT,Hosps
2021-08-30,BE,Hosps
2021-08-30,BG,Hosps
2021-08-30,CH,Hosps
2021-08-30,CY,Hosps
2021-08-30,CZ,Hosps
2021-08-30,DE,Hosps
2021-08-30,DK,Hosps
2021-08-30,EE,Hosps
2021-08-30,ES,Hosps
2021-08-30,FI,Hosps
2021-08-30,FR,Hosps
2021-08-30,GB,Hosps
2021-08-30,GR,Hosps
2021-08-30,HR,Hosps
2021-08-30,HU,Hosps
2021-08-30,IE,Hosps
2021-08-30,IS,Hosps
2021-08-30,IT,Hosps
2021-08-30,LI,Hosps
2021-08-30,LT,Hosps
2021-08-30,LU,Hosps
2021-08-30,LV,Hosps
2021-08-30,MT,Hosps
2021-08-30,NL,Hosps
2021-08-30,NO,Hosps
2021-08-30,PL,Hosps
2021-08-30,PT,Hosps
2021-08-30,RO,Hosps
2021-08-30,SE,Hosps
2021-08-30,SI,Hosps
2021-08-30,SK,Hosps
2021-09-04,LI,Cases
2021-09-04,PT,Cases
2021-09-04,SK,Cases
2021-09-04,AT,Deaths
2021-09-04,CY,Deaths
2021-09-04,FI,Deaths
2021-09-04,GB,Deaths
2021-09-04,GR,Deaths
2021-09-04,BE,Hosps
2021-09-04,BG,Hosps
2021-09-04,CH,Hosps
2021-09-04,CY,Hosps
2021-09-04,CZ,Hosps
2021-09-04,DK,Hosps
2021-09-04,EE,Hosps
2021-09-04,ES,Hosps
2021-09-04,FR,Hosps
2021-09-04,GB,Hosps
2021-09-04,GR,Hosps
2021-09-04,HR,Hosps
2021-09-04,IE,Hosps
2021-09-04,IS,Hosps
2021-09-04,IT,Hosps
2021-09-04,LI,Hosps
2021-09-04,LV,Hosps
2021-09-04,MT,Hosps
2021-09-04,NL,Hosps
2021-09-04,NO,Hosps
2021-09-04,PL,Hosps
2021-09-04,PT,Hosps
2021-09-04,SI,Hosps
2021-09-04,SK,Hosps
2021-09-06,AT,Hosps
2021-09-06,BE,Hosps
2021-09-06,BG,Hosps
2021-09-06,CH,Hosps
2021-09-06,CY,Hosps
2021-09-06,CZ,Hosps
2021-09-06,DE,Hosps
2021-09-06,DK,Hosps
2021-09-06,EE,Hosps
2021-09-06,ES,Hosps
2021-09-06,FI,Hosps
2021-09-06,FR,Hosps
2021-09-06,GB,Hosps
2021-09-06,GR,Hosps
2021-09-06,HR,Hosps
2021-09-06,HU,Hosps
2021-09-06,IE,Hosps
2021-09-06,IS,Hosps
2021-09-06,IT,Hosps
2021-09-06,LI,Hosps
2021-09-06,LT,Hosps
2021-09-06,LU,Hosps
2021-09-06,LV,Hosps
2021-09-06,MT,Hosps
2021-09-06,NL,Hosps
2021-09-06,NO,Hosps
2021-09-06,PL,Hosps
2021-09-06,PT,Hosps
2021-09-06,RO,Hosps
2021-09-06,SE,Hosps
2021-09-06,SI,Hosps
2021-09-06,SK,Hosps
2021-09-11,CY,Cases
2021-09-11,FI,Cases
2021-09-11,LI,Cases
2021-09-11,SK,Cases
2021-09-11,AT,Deaths
2021-09-11,CY,Deaths
2021-09-11,DE,Deaths
2021-09-11,FI,Deaths
2021-09-11,GB,Deaths
2021-09-11,GR,Deaths
2021-09-11,LI,Deaths
2021-09-11,BE,Hosps
2021-09-11,BG,Hosps
2021-09-11,CH,Hosps
2021-09-11,CY,Hosps
2021-09-11,CZ,Hosps
2021-09-11,DK,Hosps
2021-09-11,EE,Hosps
2021-09-11,ES,Hosps
2021-09-11,FR,Hosps
2021-09-11,GB,Hosps
2021-09-11,GR,Hosps
2021-09-11,HR,Hosps
2021-09-11,IE,Hosps
2021-09-11,IS,Hosps
2021-09-11,IT,Hosps
2021-09-11,LI,Hosps
2021-09-11,LV,Hosps
2021-09-11,MT,Hosps
2021-09-11,NL,Hosps
2021-09-11,NO,Hosps
2021-09-11,PL,Hosps
2021-09-11,PT,Hosps
2021-09-11,SI,Hosps
2021-09-11,SK,Hosps
2021-09-13,AT,Hosps
2021-09-13,BE,Hosps
2021-09-13,BG,Hosps
2021-09-13,CH,Hosps
2021-09-13,CY,Hosps
2021-09-13,CZ,Hosps
2021-09-13,DE,Hosps
2021-09-13,DK,Hosps
2021-09-13,EE,Hosps
2021-09-13,ES,Hosps
2021-09-13,FI,Hosps
2021-09-13,FR,Hosps
2021-09-13,GB,Hosps
2021-09-13,GR,Hosps
2021-09-13,HR,Hosps
2021-09-13,HU,Hosps
2021-09-13,IE,Hosps
2021-09-13,IS,Hosps
2021-09-13,IT,Hosps
2021-09-13,LI,Hosps
2021-09-13,LT,Hosps
2021-09-13,LU,Hosps
2021-09-13,LV,Hosps
2021-09-13,MT,Hosps
2021-09-13,NL,Hosps
2021-09-13,NO,Hosps
2021-09-13,PL,Hosps
2021-09-13,PT,Hosps
2021-09-13,RO,Hosps
2021-09-13,SE,Hosps
2021-09-13,SI,Hosps
2021-09-13,SK,Hosps
2021-09-18,CY,Cases
2021-09-18,LI,Cases
2021-09-18,SK,Cases
2021-09-18,AT,Deaths
2021-09-18,CY,Deaths
2021-09-18,DE,Deaths
2021-09-18,FI,Deaths
2021-09-18,GB,Deaths
2021-09-18,BE,Hosps
2021-09-18,BG,Hosps
2021-09-18,CH,Hosps
2021-09-18,CY,Hosps
2021-09-18,CZ,Hosps
2021-09-18,DK,Hosps
2021-09-18,EE,Hosps
2021-09-18,ES,Hosps
2021-09-18,FR,Hosps
2021-09-18,GB,Hosps
2021-09-18,GR,Hosps
2021-09-18,HR,Hosps
2021-09-18,IE,Hosps
2021-09-18,IS,Hosps
2021-09-18,IT,Hosps
2021-09-18,LI,Hosps
2021-09-18,LV,Hosps
2021-09-18,MT,Hosps
2021-09-18,NL,Hosps
2021-09-18,NO,Hosps
2021-09-18,PL,Hosps
2021-09-18,PT,Hosps
2021-09-18,SI,Hosps
2021-09-18,SK,Hosps
2021-09-20,AT,Hosps
2021-09-20,BE,Hosps
2021-09-20,BG,Hosps
2021-09-20,CH,Hosps
2021-09-20,CY,Hosps
2021-09-20,CZ,Hosps
2021-09-20,DE,Hosps
2021-09-20,DK,Hosps
2021-09-20,EE,Hosps
2021-09-20,ES,Hosps
2021-09-20,FI,Hosps
2021-09-20,FR,Hosps
2021-09-20,GB,Hosps
2021-09-20,GR,Hosps
2021-09-20,HR,Hosps
2021-09-20,HU,Hosps
2021-09-20,IE,Hosps
2021-09-20,IS,Hosps
2021-09-20,IT,Hosps
2021-09-20,LI,Hosps
2021-09-20,LT,Hosps
2021-09-20,LU,Hosps
2021-09-20,LV,Hosps
2021-09-20,MT,Hosps
2021-09-20,NL,Hosps
2021-09-20,NO,Hosps
2021-09-20,PL,Hosps
2021-09-20,PT,Hosps
2021-09-20,RO,Hosps
2021-09-20,SE,Hosps
2021-09-20,SI,Hosps
2021-09-20,SK,Hosps
2021-09-25,AT,Cases
2021-09-25,CY,Cases
2021-09-25,LI,Cases
2021-09-25,SK,Cases
2021-09-25,AT,Deaths
2021-09-25,CY,Deaths
2021-09-25,FI,Deaths
2021-09-25,BE,Hosps
2021-09-25,BG,Hosps
2021-09-25,CH,Hosps
2021-09-25,CY,Hosps
2021-09-25,CZ,Hosps
2021-09-25,DK,Hosps
2021-09-25,EE,Hosps
2021-09-25,ES,Hosps
2021-09-25,FR,Hosps
2021-09-25,GB,Hosps
2021-09-25,GR,Hosps
2021-09-25,HR,Hosps
2021-09-25,IE,Hosps
2021-09-25,IS,Hosps
2021-09-25,IT,Hosps
2021-09-25,LI,Hosps
2021-09-25,LV,Hosps
2021-09-25,MT,Hosps
2021-09-25,NL,Hosps
2021-09-25,NO,Hosps
2021-09-25,PL,Hosps
2021-09-25,PT,Hosps
2021-09-25,SI,Hosps
2021-09-25,SK,Hosps
2021-09-27,AT,Hosps
2021-09-27,BE,Hosps
2021-09-27,BG,Hosps
2021-09-27,CH,Hosps
2021-09-27,CY,Hosps
2021-09-27,CZ,Hosps
2021-09-27,DE,Hosps
2021-09-27,DK,Hosps
2021-09-27,EE,Hosps
2021-09-27,ES,Hosps
2021-09-27,FI,Hosps
2021-09-27,FR,Hosps
2021-09-27,GB,Hosps
2021-09-27,GR,Hosps
2021-09-27,HR,Hosps
2021-09-27,HU,Hosps
2021-09-27,IE,Hosps
2021-09-27,IS,Hosps
2021-09-27,IT,Hosps
2021-09-27,LI,Hosps
2021-09-27,LT,Hosps
2021-09-27,LU,Hosps
2021-09-27,LV,Hosps
2021-09-27,MT,Hosps
2021-09-27,NL,Hosps
2021-09-27,NO,Hosps
2021-09-27,PL,Hosps
2021-09-27,PT,Hosps
2021-09-27,RO,Hosps
2021-09-27,SE,Hosps
2021-09-27,SI,Hosps
2021-09-27,SK,Hosps
2021-10-02,LI,Cases
2021-10-02,SK,Cases
2021-10-02,AT,Deaths
2021-10-02,FI,Deaths
2021-10-02,GB,Deaths
2021-10-02,BE,Hosps
2021-10-02,BG,Hosps
2021-10-02,CH,Hosps
2021-10-02,CY,Hosps
2021-10-02,CZ,Hosps
2021-10-02,DK,Hosps
2021-10-02,EE,Hosps
2021-10-02,ES,Hosps
2021-10-02,FR,Hosps
2021-10-02,GB,Hosps
2021-10-02,GR,Hosps
2021-10-02,HR,Hosps
2021-10-02,IE,Hosps
2021-10-02,IS,Hosps
2021-10-02,IT,Hosps
2021-10-02,LI,Hosps
2021-10-02,LV,Hosps
2021-10-02,MT,Hosps
2021-10-02,NL,Hosps
2021-10-02,NO,Hosps
2021-10-02,PL,Hosps
2021-10-02,PT,Hosps
2021-10-02,SI,Hosps
2021-10-02,SK,Hosps
2021-10-04,AT,Hosps
2021-10-04,BE,Hosps
2021-10-04,BG,Hosps
2021-10-04,CH,Hosps
2021-10-04,CY,Hosps
2021-10-04,CZ,Hosps
2021-10-04,DE,Hosps
2021-10-04,DK,Hosps
2021-10-04,EE,Hosps
2021-10-04,ES,Hosps
2021-10-04,FI,Hosps
2021-10-04,FR,Hosps
2021-10-04,GB,Hosps
2021-10-04,GR,Hosps
2021-10-04,HR,Hosps
2021-10-04,HU,Hosps
2021-10-04,IE,Hosps
2021-10-04,IS,Hosps
2021-10-04,IT,Hosps
2021-10-04,LI,Hosps
2021-10-04,LT,Hosps
2021-10-04,LU,Hosps
2021-10-04,LV,Hosps
2021-10-04,MT,Hosps
2021-10-04,NL,Hosps
2021-10-04,NO,Hosps
2021-10-04,PL,Hosps
2021-10-04,PT,Hosps
2021-10-04,RO,Hosps
2021-10-04,SE,Hosps
2021-10-04,SI,Hosps
2021-10-04,SK,Hosps
2021-10-09,FI,Cases
2021-10-09,LI,Cases
2021-10-09,NL,Cases
2021-10-09,SK,Cases
2021-10-09,AT,Deaths
2021-10-09,FI,Deaths
2021-10-09,GB,Deaths
2021-10-09,BE,Hosps
2021-10-09,BG,Hosps
2021-10-09,CH,Hosps
2021-10-09,CY,Hosps
2021-10-09,CZ,Hosps
2021-10-09,DK,Hosps
2021-10-09,EE,Hosps
2021-10-09,ES,Hosps
2021-10-09,FR,Hosps
2021-10-09,GB,Hosps
2021-10-09,GR,Hosps
2021-10-09,HR,Hosps
2021-10-09,IE,Hosps
2021-10-09,IS,Hosps
2021-10-09,IT,Hosps
2021-10-09,LI,Hosps
2021-10-09,LV,Hosps
2021-10-09,MT,Hosps
2021-10-09,NL,Hosps
2021-10-09,NO,Hosps
2021-10-09,PL,Hosps
2021-10-09,PT,Hosps
2021-10-09,SI,Hosps
2021-10-09,SK,Hosps
2021-10-11,AT,Hosps
2021-10-11,BE,Hosps
2021-10-11,BG,Hosps
2021-10-11,CH,Hosps
2021-10-11,CY,Hosps
2021-10-11,CZ,Hosps
2021-10-11,DE,Hosps
2021-10-11,DK,Hosps
2021-10-11,EE,Hosps
2021-10-11,ES,Hosps
2021-10-11,FI,Hosps
2021-10-11,FR,Hosps
2021-10-11,GB,Hosps
2021-10-11,GR,Hosps
2021-10-11,HR,Hosps
2021-10-11,HU,Hosps
2021-10-11,IE,Hosps
2021-10-11,IS,Hosps
2021-10-11,IT,Hosps
2021-10-11,LI,Hosps
2021-10-11,LT,Hosps
2021-10-11,LU,Hosps
2021-10-11,LV,Hosps
2021-10-11,MT,Hosps
2021-10-11,NL,Hosps
2021-10-11,NO,Hosps
2021-10-11,PL,Hosps
2021-10-11,PT,Hosps
2021-10-11,RO,Hosps
2021-10-11,SE,Hosps
2021-10-11,SI,Hosps
2021-10-11,SK,Hosps
2021-10-16,FI,Cases
2021-10-16,NL,Cases
2021-10-16,SK,Cases
2021-10-16,AT,Deaths
2021-10-16,FI,Deaths
2021-10-16,GB,Deaths
2021-10-16,BE,Hosps
2021-10-16,BG,Hosps
2021-10-16,CH,Hosps
2021-10-16,CY,Hosps
2021-10-16,CZ,Hosps
2021-10-16,DK,Hosps
2021-10-16,EE,Hosps
2021-10-16,ES,Hosps
2021-10-16,FR,Hosps
2021-10-16,GB,Hosps
2021-10-16,GR,Hosps
2021-10-16,HR,Hosps
2021-10-16,IE,Hosps
2021-10-16,IS,Hosps
2021-10-16,IT,Hosps
2021-10-16,LI,Hosps
2021-10-16,LV,Hosps
2021-10-16,MT,Hosps
2021-10-16,NL,Hosps
2021-10-16,NO,Hosps
2021-10-16,PL,Hosps
2021-10-16,PT,Hosps
2021-10-16,SI,Hosps
2021-10-16,SK,Hosps
2021-10-18,AT,Hosps
2021-10-18,BE,Hosps
2021-10-18,BG,Hosps
2021-10-18,CH,Hosps
2021-10-18,CY,Hosps
2021-10-18,CZ,Hosps
2021-10-18,DE,Hosps
2021-10-18,DK,Hosps
2021-10-18,EE,Hosps
2021-10-18,ES,Hosps
2021-10-18,FI,Hosps
2021-10-18,FR,Hosps
2021-10-18,GB,Hosps
2021-10-18,GR,Hosps
2021-10-18,HR,Hosps
2021-10-18,HU,Hosps
2021-10-18,IE,Hosps
2021-10-18,IS,Hosps
2021-10-18,IT,Hosps
2021-10-18,LI,Hosps
2021-10-18,LT,Hosps
2021-10-18,LU,Hosps
2021-10-18,LV,Hosps
2021-10-18,MT,Hosps
2021-10-18,NL,Hosps
2021-10-18,NO,Hosps
2021-10-18,PL,Hosps
2021-10-18,PT,Hosps
2021-10-18,RO,Hosps
2021-10-18,SE,Hosps
2021-10-18,SI,Hosps
2021-10-18,SK,Hosps
2021-10-23,DE,Cases
2021-10-23,FI,Cases
2021-10-23,NL,Cases
2021-10-23,SK,Cases
2021-10-23,AT,Deaths
2021-10-23,FI,Deaths
2021-10-23,GB,Deaths
2021-10-23,BE,Hosps
2021-10-23,BG,Hosps
2021-10-23,CH,Hosps
2021-10-23,CY,Hosps
2021-10-23,CZ,Hosps
2021-10-23,DK,Hosps
2021-10-23,EE,Hosps
2021-10-23,ES,Hosps
2021-10-23,FR,Hosps
2021-10-23,GB,Hosps
2021-10-23,GR,Hosps
2021-10-23,HR,Hosps
2021-10-23,IE,Hosps
2021-10-23,IS,Hosps
2021-10-23,IT,Hosps
2021-10-23,LI,Hosps
2021-10-23,LV,Hosps
2021-10-23,MT,Hosps
2021-10-23,NL,Hosps
2021-10-23,NO,Hosps
2021-10-23,PL,Hosps
2021-10-23,PT,Hosps
2021-10-23,SI,Hosps
2021-10-23,SK,Hosps
2021-10-25,AT,Hosps
2021-10-25,BE,Hosps
2021-10-25,BG,Hosps
2021-10-25,CH,Hosps
2021-10-25,CY,Hosps
2021-10-25,CZ,Hosps
2021-10-25,DE,Hosps
2021-10-25,DK,Hosps
2021-10-25,EE,Hosps
2021-10-25,ES,Hosps
2021-10-25,FI,Hosps
2021-10-25,FR,Hosps
2021-10-25,GB,Hosps
2021-10-25,GR,Hosps
2021-10-25,HR,Hosps
2021-10-25,HU,Hosps
2021-10-25,IE,Hosps
2021-10-25,IS,Hosps
2021-10-25,IT,Hosps
2021-10-25,LI,Hosps
2021-10-25,LT,Hosps
2021-10-25,LU,Hosps
2021-10-25,LV,Hosps
2021-10-25,MT,Hosps
2021-10-25,NL,Hosps
2021-10-25,NO,Hosps
2021-10-25,PL,Hosps
2021-10-25,PT,Hosps
2021-10-25,RO,Hosps
2021-10-25,SE,Hosps
2021-10-25,SI,Hosps
2021-10-25,SK,Hosps
2021-10-30,AT,Cases
2021-10-30,DE,Cases
2021-10-30,FI,Cases
2021-10-30,SK,Cases
2021-10-30,AT,Deaths
2021-10-30,FI,Deaths
2021-10-30,GB,Deaths
2021-10-30,BE,Hosps
2021-10-30,BG,Hosps
2021-10-30,CH,Hosps
2021-10-30,CY,Hosps
2021-10-30,CZ,Hosps
2021-10-30,DK,Hosps
2021-10-30,EE,Hosps
2021-10-30,ES,Hosps
2021-10-30,FR,Hosps
2021-10-30,GB,Hosps
2021-10-30,GR,Hosps
2021-10-30,HR,Hosps
2021-10-30,IE,Hosps
2021-10-30,IS,Hosps
2021-10-30,IT,Hosps
2021-10-30,LV,Hosps
2021-10-30,MT,Hosps
2021-10-30,NL,Hosps
2021-10-30,NO,Hosps
2021-10-30,PT,Hosps
2021-10-30,SI,Hosps
2021-10-30,SK,Hosps
2021-11-01,AT,Hosps
2021-11-01,BE,Hosps
2021-11-01,BG,Hosps
2021-11-01,CH,Hosps
2021-11-01,CY,Hosps
2021-11-01,CZ,Hosps
2021-11-01,DE,Hosps
2021-11-01,DK,Hosps
2021-11-01,EE,Hosps
2021-11-01,ES,Hosps
2021-11-01,FI,Hosps
2021-11-01,FR,Hosps
2021-11-01,GB,Hosps
2021-11-01,GR,Hosps
2021-11-01,HR,Hosps
2021-11-01,HU,Hosps
2021-11-01,IE,Hosps
2021-11-01,IS,Hosps
2021-11-01,IT,Hosps
2021-11-01,LI,Hosps
2021-11-01,LT,Hosps
2021-11-01,LU,Hosps
2021-11-01,LV,Hosps
2021-11-01,MT,Hosps
2021-11-01,NL,Hosps
2021-11-01,NO,Hosps
2021-11-01,PL,Hosps
2021-11-01,PT,Hosps
2021-11-01,RO,Hosps
2021-11-01,SE,Hosps
2021-11-01,SI,Hosps
2021-11-01,SK,Hosps
2021-11-06,AT,Cases
2021-11-06,DE,Cases
2021-11-06,DK,Cases
2021-11-06,NL,Cases
2021-11-06,SK,Cases
2021-11-06,AT,Deaths
2021-11-06,DE,Deaths
2021-11-06,DK,Deaths
2021-11-06,FI,Deaths
2021-11-06,BE,Hosps
2021-11-06,BG,Hosps
2021-11-06,CH,Hosps
2021-11-06,CY,Hosps
2021-11-06,CZ,Hosps
2021-11-06,DK,Hosps
2021-11-06,EE,Hosps
2021-11-06,ES,Hosps
2021-11-06,FR,Hosps
2021-11-06,GB,Hosps
2021-11-06,GR,Hosps
2021-11-06,HR,Hosps
2021-11-06,IE,Hosps
2021-11-06,IS,Hosps
2021-11-06,LV,Hosps
2021-11-06,MT,Hosps
2021-11-06,NL,Hosps
2021-11-06,NO,Hosps
2021-11-06,SI,Hosps
2021-11-06,SK,Hosps
2021-11-07,CH,Hosps
2021-11-13,DE,Cases
2021-11-13,FI,Cases
2021-11-13,SK,Cases
2021-11-13,AT,Deaths
2021-11-13,DE,Deaths
2021-11-13,FI,Deaths
2021-11-13,BE,Hosps
2021-11-13,BG,Hosps
2021-11-13,CH,Hosps
2021-11-13,CY,Hosps
2021-11-13,CZ,Hosps
2021-11-13,DK,Hosps
2021-11-13,EE,Hosps
2021-11-13,ES,Hosps
2021-11-13,FR,Hosps
2021-11-13,GB,Hosps
2021-11-13,GR,Hosps
2021-11-13,HR,Hosps
2021-11-13,IE,Hosps
2021-11-13,IS,Hosps
2021-11-13,LV,Hosps
2021-11-13,MT,Hosps
2021-11-13,NL,Hosps
2021-11-13,NO,Hosps
2021-11-13,SI,Hosps
2021-11-13,SK,Hosps
2021-11-20,DE,Cases
2021-11-20,FI,Cases
2021-11-20,NL,Cases
2021-11-20,AT,Deaths
2021-11-20,FI,Deaths
2021-11-20,BE,Hosps
2021-11-20,BG,Hosps
2021-11-20,CH,Hosps
2021-11-20,CY,Hosps
2021-11-20,CZ,Hosps
2021-11-20,DK,Hosps
2021-11-20,EE,Hosps
2021-11-20,ES,Hosps
2021-11-20,FR,Hosps
2021-11-20,GB,Hosps
2021-11-20,GR,Hosps
2021-11-20,HR,Hosps
2021-11-20,IE,Hosps
2021-11-20,IS,Hosps
2021-11-20,LI,Hosps
2021-11-20,LV,Hosps
2021-11-20,MT,Hosps
2021-11-20,NL,Hosps
2021-11-20,NO,Hosps
2021-11-20,SI,Hosps
2021-11-20,SK,Hosps
2021-11-27,FI,Cases
2021-11-27,AT,Deaths
2021-11-27,GB,Deaths
2021-11-27,BE,Hosps
2021-11-27,BG,Hosps
2021-11-27,CH,Hosps
2021-11-27,CY,Hosps
2021-11-27,CZ,Hosps
2021-11-27,DK,Hosps
2021-11-27,EE,Hosps
2021-11-27,FR,Hosps
2021-11-27,GB,Hosps
2021-11-27,GR,Hosps
2021-11-27,HR,Hosps
2021-11-27,IE,Hosps
2021-11-27,IS,Hosps
2021-11-27,LI,Hosps
2021-11-27,LV,Hosps
2021-11-27,MT,Hosps
2021-11-27,NL,Hosps
2021-11-27,NO,Hosps
2021-11-27,SI,Hosps
2021-11-27,SK,Hosps
2021-12-04,AT,Cases
2021-12-04,AT,Deaths
2021-12-04,FI,Deaths
2021-12-04,GB,Deaths
2021-12-04,BE,Hosps
2021-12-04,BG,Hosps
2021-12-04,CH,Hosps
2021-12-04,CY,Hosps
2021-12-04,CZ,Hosps
2021-12-04,DK,Hosps
2021-12-04,EE,Hosps
2021-12-04,FR,Hosps
2021-12-04,GB,Hosps
2021-12-04,GR,Hosps
2021-12-04,HR,Hosps
2021-12-04,IE,Hosps
2021-12-04,IS,Hosps
2021-12-04,LI,Hosps
2021-12-04,LV,Hosps
2021-12-04,MT,Hosps
2021-12-04,NO,Hosps
2021-12-04,SI,Hosps
2021-12-04,SK,Hosps
2021-12-11,AT,Cases
2021-12-11,FR,Cases
2021-12-11,AT,Deaths
2021-12-11,DE,Deaths
2021-12-11,FI,Deaths
2021-12-11,FR,Deaths
2021-12-11,GB,Deaths
2021-12-11,BE,Hosps
2021-12-11,BG,Hosps
2021-12-11,CH,Hosps
2021-12-11,CY,Hosps
2021-12-11,CZ,Hosps
2021-12-11,DK,Hosps
2021-12-11,EE,Hosps
2021-12-11,FR,Hosps
2021-12-11,GB,Hosps
2021-12-11,GR,Hosps
2021-12-11,HR,Hosps
2021-12-11,IE,Hosps
2021-12-11,IS,Hosps
2021-12-11,LI,Hosps
2021-12-11,LV,Hosps
2021-12-11,MT,Hosps
2021-12-11,NO,Hosps
2021-12-11,SI,Hosps
2021-12-11,SK,Hosps
2021-12-18,DE,Cases
2021-12-18,DE,Deaths
2021-12-18,FI,Deaths
2021-12-18,GB,Deaths
2021-12-18,BE,Hosps
2021-12-18,BG,Hosps
2021-12-18,CH,Hosps
2021-12-18,CY,Hosps
2021-12-18,CZ,Hosps
2021-12-18,DK,Hosps
2021-12-18,EE,Hosps
2021-12-18,FR,Hosps
2021-12-18,GB,Hosps
2021-12-18,GR,Hosps
2021-12-18,HR,Hosps
2021-12-18,IE,Hosps
2021-12-18,IS,Hosps
2021-12-18,LI,Hosps
2021-12-18,LV,Hosps
2021-12-18,MT,Hosps
2021-12-18,NO,Hosps
2021-12-18,SI,Hosps
2021-12-18,SK,Hosps
2021-12-25,DE,Cases
2021-12-25,DK,Cases
2021-12-25,FI,Cases
2021-12-25,AT,Deaths
2021-12-25,DK,Deaths
2021-12-25,FI,Deaths
2021-12-25,GB,Deaths
2021-12-25,BE,Hosps
2021-12-25,BG,Hosps
2021-12-25,CH,Hosps
2021-12-25,CY,Hosps
2021-12-25,CZ,Hosps
2021-12-25,DK,Hosps
2021-12-25,EE,Hosps
2021-12-25,FR,Hosps
2021-12-25,GB,Hosps
2021-12-25,GR,Hosps
2021-12-25,HR,Hosps
2021-12-25,IE,Hosps
2021-12-25,IS,Hosps
2021-12-25,LI,Hosps
2021-12-25,LV,Hosps
2021-12-25,MT,Hosps
2021-12-25,NO,Hosps
2021-12-25,SI,Hosps
2021-12-25,SK,Hosps
2022-01-01,AT,Cases
2022-01-01,DE,Cases
2022-01-01,FI,Cases
2022-01-01,AT,Deaths
2022-01-01,FI,Deaths
2022-01-01,GB,Deaths
2022-01-01,BE,Hosps
2022-01-01,BG,Hosps
2022-01-01,CH,Hosps
2022-01-01,CY,Hosps
2022-01-01,CZ,Hosps
2022-01-01,EE,Hosps
2022-01-01,FR,Hosps
2022-01-01,GB,Hosps
2022-01-01,GR,Hosps
2022-01-01,HR,Hosps
2022-01-01,IE,Hosps
2022-01-01,IS,Hosps
2022-01-01,LI,Hosps
2022-01-01,LV,Hosps
2022-01-01,MT,Hosps
2022-01-01,NO,Hosps
2022-01-01,SI,Hosps
2022-01-01,SK,Hosps
2022-01-08,AT,Cases
2022-01-08,DE,Cases
2022-01-08,FI,Cases
2022-01-08,LT,Cases
2022-01-08,NL,Cases
2022-01-08,PT,Cases
2022-01-08,AT,Deaths
2022-01-08,FI,Deaths
2022-01-08,GB,Deaths
2022-01-08,PT,Deaths
2022-01-08,BE,Hosps
2022-01-08,BG,Hosps
2022-01-08,CH,Hosps
2022-01-08,CY,Hosps
2022-01-08,CZ,Hosps
2022-01-08,EE,Hosps
2022-01-08,FR,Hosps
2022-01-08,GB,Hosps
2022-01-08,GR,Hosps
2022-01-08,HR,Hosps
2022-01-08,IE,Hosps
2022-01-08,IS,Hosps
2022-01-08,LI,Hosps
2022-01-08,LV,Hosps
2022-01-08,MT,Hosps
2022-01-08,NO,Hosps
2022-01-08,SI,Hosps
2022-01-08,SK,Hosps
2022-01-15,AT,Cases
2022-01-15,DE,Cases
2022-01-15,FI,Cases
2022-01-15,LT,Cases
2022-01-15,FI,Deaths
2022-01-15,GB,Deaths
2022-01-15,BE,Hosps
2022-01-15,BG,Hosps
2022-01-15,CH,Hosps
2022-01-15,CY,Hosps
2022-01-15,CZ,Hosps
2022-01-15,EE,Hosps
2022-01-15,FR,Hosps
2022-01-15,GB,Hosps
2022-01-15,GR,Hosps
2022-01-15,HR,Hosps
2022-01-15,IE,Hosps
2022-01-15,IS,Hosps
2022-01-15,LI,Hosps
2022-01-15,LV,Hosps
2022-01-15,MT,Hosps
2022-01-15,NO,Hosps
2022-01-15,SI,Hosps
2022-01-15,SK,Hosps
2022-01-22,AT,Cases
2022-01-22,CZ,Cases
2022-01-22,DE,Cases
2022-01-22,FI,Cases
2022-01-22,LT,Cases
2022-01-22,AT,Deaths
2022-01-22,FI,Deaths
2022-01-22,GB,Deaths
2022-01-22,BE,Hosps
2022-01-22,BG,Hosps
2022-01-22,CH,Hosps
2022-01-22,CY,Hosps
2022-01-22,CZ,Hosps
2022-01-22,EE,Hosps
2022-01-22,FR,Hosps
2022-01-22,GB,Hosps
2022-01-22,GR,Hosps
2022-01-22,HR,Hosps
2022-01-22,IE,Hosps
2022-01-22,IS,Hosps
2022-01-22,LI,Hosps
2022-01-22,LV,Hosps
2022-01-22,MT,Hosps
2022-01-22,NO,Hosps
2022-01-22,SI,Hosps
2022-01-22,SK,Hosps
2022-01-29,AT,Cases
2022-01-29,CZ,Cases
2022-01-29,DE,Cases
2022-01-29,LT,Cases
2022-01-29,AT,Deaths
2022-01-29,GB,Deaths
2022-01-29,BE,Hosps
2022-01-29,BG,Hosps
2022-01-29,CH,Hosps
2022-01-29,CY,Hosps
2022-01-29,CZ,Hosps
2022-01-29,DK,Hosps
2022-01-29,EE,Hosps
2022-01-29,FR,Hosps
2022-01-29,GB,Hosps
2022-01-29,GR,Hosps
2022-01-29,HR,Hosps
2022-01-29,IE,Hosps
2022-01-29,IS,Hosps
2022-01-29,LI,Hosps
2022-01-29,LV,Hosps
2022-01-29,MT,Hosps
2022-01-29,NO,Hosps
2022-01-29,SI,Hosps
2022-01-29,SK,Hosps
2022-02-05,CZ,Cases
2022-02-05,ES,Cases
2022-02-05,LT,Cases
2022-02-05,PT,Cases
2022-02-05,AT,Deaths
2022-02-05,ES,Deaths
2022-02-05,GB,Deaths
2022-02-05,BE,Hosps
2022-02-05,BG,Hosps
2022-02-05,CH,Hosps
2022-02-05,CY,Hosps
2022-02-05,CZ,Hosps
2022-02-05,DK,Hosps
2022-02-05,EE,Hosps
2022-02-05,FR,Hosps
2022-02-05,GB,Hosps
2022-02-05,GR,Hosps
2022-02-05,HR,Hosps
2022-02-05,IE,Hosps
2022-02-05,IS,Hosps
2022-02-05,LV,Hosps
2022-02-05,MT,Hosps
2022-02-05,NO,Hosps
2022-02-05,SI,Hosps
2022-02-05,SK,Hosps
2022-02-12,CZ,Cases
2022-02-12,ES,Cases
2022-02-12,LT,Cases
2022-02-12,PL,Cases
2022-02-12,PT,Cases
2022-02-12,ES,Deaths
2022-02-12,GB,Deaths
2022-02-12,BE,Hosps
2022-02-12,BG,Hosps
2022-02-12,CH,Hosps
2022-02-12,CY,Hosps
2022-02-12,CZ,Hosps
2022-02-12,DK,Hosps
2022-02-12,EE,Hosps
2022-02-12,FR,Hosps
2022-02-12,GB,Hosps
2022-02-12,GR,Hosps
2022-02-12,HR,Hosps
2022-02-12,IE,Hosps
2022-02-12,IS,Hosps
2022-02-12,LI,Hosps
2022-02-12,LV,Hosps
2022-02-12,MT,Hosps
2022-02-12,NO,Hosps
2022-02-12,SI,Hosps
2022-02-12,SK,Hosps
2022-02-19,CZ,Cases
2022-02-19,LT,Cases
2022-02-19,NL,Cases
2022-02-19,PL,Cases
2022-02-19,PT,Cases
2022-02-19,GB,Deaths
2022-02-19,BE,Hosps
2022-02-19,BG,Hosps
2022-02-19,CH,Hosps
2022-02-19,CY,Hosps
2022-02-19,CZ,Hosps
2022-02-19,DK,Hosps
2022-02-19,EE,Hosps
2022-02-19,FR,Hosps
2022-02-19,GB,Hosps
2022-02-19,GR,Hosps
2022-02-19,HR,Hosps
2022-02-19,IE,Hosps
2022-02-19,IS,Hosps
2022-02-19,LI,Hosps
2022-02-19,LV,Hosps
2022-02-19,MT,Hosps
2022-02-19,NO,Hosps
2022-02-19,SI,Hosps
2022-02-19,SK,Hosps
2022-02-26,CZ,Cases
2022-02-26,LT,Cases
2022-02-26,NL,Cases
2022-02-26,PT,Cases
2022-02-26,NL,Deaths
2022-02-26,BE,Hosps
2022-02-26,BG,Hosps
2022-02-26,CH,Hosps
2022-02-26,CY,Hosps
2022-02-26,CZ,Hosps
2022-02-26,DK,Hosps
2022-02-26,EE,Hosps
2022-02-26,FR,Hosps
2022-02-26,GB,Hosps
2022-02-26,GR,Hosps
2022-02-26,HR,Hosps
2022-02-26,IE,Hosps
2022-02-26,IS,Hosps
2022-02-26,LI,Hosps
2022-02-26,LV,Hosps
2022-02-26,MT,Hosps
2022-02-26,NO,Hosps
2022-02-26,SI,Hosps
2022-02-26,SK,Hosps
2022-03-05,CZ,Cases
2022-03-05,LT,Cases
2022-03-05,NL,Cases
2022-03-05,LT,Deaths
2022-03-05,NL,Deaths
2022-03-05,BE,Hosps
2022-03-05,BG,Hosps
2022-03-05,CH,Hosps
2022-03-05,CY,Hosps
2022-03-05,CZ,Hosps
2022-03-05,DK,Hosps
2022-03-05,EE,Hosps
2022-03-05,FR,Hosps
2022-03-05,GB,Hosps
2022-03-05,GR,Hosps
2022-03-05,HR,Hosps
2022-03-05,IE,Hosps
2022-03-05,IS,Hosps
2022-03-05,LI,Hosps
2022-03-05,LV,Hosps
2022-03-05,MT,Hosps
2022-03-05,NO,Hosps
2022-03-05,SI,Hosps
2022-03-05,SK,Hosps
2022-03-12,CZ,Cases
2022-03-12,LT,Cases
2022-03-12,PT,Cases
2022-03-12,GB,Deaths
2022-03-12,LT,Deaths
2022-03-12,BE,Hosps
2022-03-12,BG,Hosps
2022-03-12,CH,Hosps
2022-03-12,CY,Hosps
2022-03-12,CZ,Hosps
2022-03-12,EE,Hosps
2022-03-12,FR,Hosps
2022-03-12,GB,Hosps
2022-03-12,GR,Hosps
2022-03-12,HR,Hosps
2022-03-12,IE,Hosps
2022-03-12,IS,Hosps
2022-03-12,LI,Hosps
2022-03-12,LV,Hosps
2022-03-12,MT,Hosps
2022-03-12,NO,Hosps
2022-03-12,SI,Hosps
2022-03-12,SK,Hosps
2022-03-19,CZ,Cases
2022-03-19,LT,Cases
2022-03-19,PT,Cases
2022-03-19,AT,Deaths
2022-03-19,GB,Deaths
2022-03-19,BE,Hosps
2022-03-19,BG,Hosps
2022-03-19,CH,Hosps
2022-03-19,CY,Hosps
2022-03-19,CZ,Hosps
2022-03-19,DK,Hosps
2022-03-19,EE,Hosps
2022-03-19,FR,Hosps
2022-03-19,GB,Hosps
2022-03-19,GR,Hosps
2022-03-19,HR,Hosps
2022-03-19,IE,Hosps
2022-03-19,LI,Hosps
2022-03-19,LV,Hosps
2022-03-19,MT,Hosps
2022-03-19,NO,Hosps
2022-03-19,SI,Hosps
2022-03-19,SK,Hosps
2022-03-26,AT,Cases
2022-03-26,CZ,Cases
2022-03-26,DE,Cases
2022-03-26,LT,Cases
2022-03-26,PT,Cases
2022-03-26,DE,Deaths
2022-03-26,GB,Deaths
2022-03-26,BE,Hosps
2022-03-26,BG,Hosps
2022-03-26,CH,Hosps
2022-03-26,CY,Hosps
2022-03-26,CZ,Hosps
2022-03-26,DK,Hosps
2022-03-26,EE,Hosps
2022-03-26,FR,Hosps
2022-03-26,GB,Hosps
2022-03-26,GR,Hosps
2022-03-26,HR,Hosps
2022-03-26,IE,Hosps
2022-03-26,LI,Hosps
2022-03-26,LV,Hosps
2022-03-26,MT,Hosps
2022-03-26,NO,Hosps
2022-03-26,SI,Hosps
2022-03-26,SK,Hosps
2022-04-02,AT,Cases
2022-04-02,CZ,Cases
2022-04-02,LT,Cases
2022-04-02,GB,Deaths
2022-04-02,BE,Hosps
2022-04-02,BG,Hosps
2022-04-02,CH,Hosps
2022-04-02,CY,Hosps
2022-04-02,CZ,Hosps
2022-04-02,DK,Hosps
2022-04-02,EE,Hosps
2022-04-02,FR,Hosps
2022-04-02,GB,Hosps
2022-04-02,GR,Hosps
2022-04-02,HR,Hosps
2022-04-02,IE,Hosps
2022-04-02,LI,Hosps
2022-04-02,LV,Hosps
2022-04-02,MT,Hosps
2022-04-02,NO,Hosps
2022-04-02,SI,Hosps
2022-04-02,SK,Hosps
2022-04-09,AT,Cases
2022-04-09,CZ,Cases
2022-04-09,ES,Cases
2022-04-09,LT,Cases
2022-04-09,ES,Deaths
2022-04-09,GB,Deaths
2022-04-09,BE,Hosps
2022-04-09,BG,Hosps
2022-04-09,CH,Hosps
2022-04-09,CY,Hosps
2022-04-09,CZ,Hosps
2022-04-09,DK,Hosps
2022-04-09,EE,Hosps
2022-04-09,FR,Hosps
2022-04-09,GB,Hosps
2022-04-09,GR,Hosps
2022-04-09,HR,Hosps
2022-04-09,IE,Hosps
2022-04-09,LI,Hosps
2022-04-09,LV,Hosps
2022-04-09,MT,Hosps
2022-04-09,NO,Hosps
2022-04-09,SI,Hosps
2022-04-09,SK,Hosps
2022-04-16,AT,Cases
2022-04-16,CZ,Cases
2022-04-16,ES,Cases
2022-04-16,LT,Cases
2022-04-16,PT,Cases
2022-04-16,AT,Deaths
2022-04-16,GB,Deaths
2022-04-16,BE,Hosps
2022-04-16,BG,Hosps
2022-04-16,CH,Hosps
2022-04-16,CY,Hosps
2022-04-16,CZ,Hosps
2022-04-16,DK,Hosps
2022-04-16,EE,Hosps
2022-04-16,FR,Hosps
2022-04-16,GB,Hosps
2022-04-16,GR,Hosps
2022-04-16,HR,Hosps
2022-04-16,IE,Hosps
2022-04-16,LI,Hosps
2022-04-16,LV,Hosps
2022-04-16,MT,Hosps
2022-04-16,NO,Hosps
2022-04-16,SI,Hosps
2022-04-16,SK,Hosps
2022-04-23,CZ,Cases
2022-04-23,ES,Cases
2022-04-23,LT,Cases
2022-04-23,PT,Cases
2022-04-23,AT,Deaths
2022-04-23,ES,Deaths
2022-04-23,GB,Deaths
2022-04-23,BE,Hosps
2022-04-23,BG,Hosps
2022-04-23,CH,Hosps
2022-04-23,CY,Hosps
2022-04-23,CZ,Hosps
2022-04-23,DK,Hosps
2022-04-23,EE,Hosps
2022-04-23,FR,Hosps
2022-04-23,GB,Hosps
2022-04-23,GR,Hosps
2022-04-23,HR,Hosps
2022-04-23,IE,Hosps
2022-04-23,LI,Hosps
2022-04-23,LV,Hosps
2022-04-23,MT,Hosps
2022-04-23,NO,Hosps
2022-04-23,SI,Hosps
2022-04-23,SK,Hosps
2022-04-30,AT,Cases
2022-04-30,CZ,Cases
2022-04-30,ES,Cases
2022-04-30,LT,Cases
2022-04-30,PT,Cases
2022-04-30,ES,Deaths
2022-04-30,GB,Deaths
2022-04-30,BE,Hosps
2022-04-30,BG,Hosps
2022-04-30,CH,Hosps
2022-04-30,CY,Hosps
2022-04-30,CZ,Hosps
2022-04-30,DK,Hosps
2022-04-30,EE,Hosps
2022-04-30,FR,Hosps
2022-04-30,GB,Hosps
2022-04-30,GR,Hosps
2022-04-30,HR,Hosps
2022-04-30,IE,Hosps
2022-04-30,LV,Hosps
2022-04-30,MT,Hosps
2022-04-30,NO,Hosps
2022-04-30,SI,Hosps
2022-04-30,SK,Hosps
2022-05-07,CZ,Cases
2022-05-07,ES,Cases
2022-05-07,LT,Cases
2022-05-07,PT,Cases
2022-05-07,AT,Deaths
2022-05-07,ES,Deaths
2022-05-07,GB,Deaths
2022-05-07,LT,Deaths
2022-05-07,BE,Hosps
2022-05-07,BG,Hosps
2022-05-07,CH,Hosps
2022-05-07,CY,Hosps
2022-05-07,CZ,Hosps
2022-05-07,DK,Hosps
2022-05-07,EE,Hosps
2022-05-07,FR,Hosps
2022-05-07,GB,Hosps
2022-05-07,GR,Hosps
2022-05-07,HR,Hosps
2022-05-07,IE,Hosps
2022-05-07,LI,Hosps
2022-05-07,LV,Hosps
2022-05-07,MT,Hosps
2022-05-07,NL,Hosps
2022-05-07,NO,Hosps
2022-05-07,SI,Hosps
2022-05-07,SK,Hosps
2022-05-14,CZ,Cases
2022-05-14,LT,Cases
2022-05-14,LU,Cases
2022-05-14,PT,Cases
2022-05-14,AT,Deaths
2022-05-14,GB,Deaths
2022-05-14,LT,Deaths
2022-05-14,BE,Hosps
2022-05-14,BG,Hosps
2022-05-14,CH,Hosps
2022-05-14,CY,Hosps
2022-05-14,CZ,Hosps
2022-05-14,DK,Hosps
2022-05-14,EE,Hosps
2022-05-14,FR,Hosps
2022-05-14,GB,Hosps
2022-05-14,GR,Hosps
2022-05-14,HR,Hosps
2022-05-14,IE,Hosps
2022-05-14,LV,Hosps
2022-05-14,MT,Hosps
2022-05-14,NO,Hosps
2022-05-14,SI,Hosps
2022-05-14,SK,Hosps
2022-05-21,CZ,Cases
2022-05-21,LT,Cases
2022-05-21,LU,Cases
2022-05-21,PT,Cases
2022-05-21,GB,Deaths
2022-05-21,LT,Deaths
2022-05-21,LU,Deaths
2022-05-21,BE,Hosps
2022-05-21,BG,Hosps
2022-05-21,CH,Hosps
2022-05-21,CY,Hosps
2022-05-21,CZ,Hosps
2022-05-21,DK,Hosps
2022-05-21,EE,Hosps
2022-05-21,FR,Hosps
2022-05-21,GB,Hosps
2022-05-21,GR,Hosps
2022-05-21,HR,Hosps
2022-05-21,IE,Hosps
2022-05-21,LI,Hosps
2022-05-21,LV,Hosps
2022-05-21,MT,Hosps
2022-05-21,NO,Hosps
2022-05-21,SI,Hosps
2022-05-21,SK,Hosps
2022-05-28,CZ,Cases
2022-05-28,LT,Cases
2022-05-28,LU,Cases
2022-05-28,GB,Deaths
2022-05-28,LT,Deaths
2022-05-28,LU,Deaths
2022-05-28,BE,Hosps
2022-05-28,BG,Hosps
2022-05-28,CH,Hosps
2022-05-28,CY,Hosps
2022-05-28,CZ,Hosps
2022-05-28,EE,Hosps
2022-05-28,FR,Hosps
2022-05-28,GB,Hosps
2022-05-28,GR,Hosps
2022-05-28,HR,Hosps
2022-05-28,IE,Hosps
2022-05-28,LV,Hosps
2022-05-28,MT,Hosps
2022-05-28,NO,Hosps
2022-05-28,SI,Hosps
2022-05-28,SK,Hosps
2022-06-04,CZ,Cases
2022-06-04,LT,Cases
2022-06-04,GB,Deaths
2022-06-04,BE,Hosps
2022-06-04,BG,Hosps
2022-06-04,CH,Hosps
2022-06-04,CY,Hosps
2022-06-04,CZ,Hosps
2022-06-04,EE,Hosps
2022-06-04,FR,Hosps
2022-06-04,GB,Hosps
2022-06-04,GR,Hosps
2022-06-04,HR,Hosps
2022-06-04,IE,Hosps
2022-06-04,LV,Hosps
2022-06-04,MT,Hosps
2022-06-04,NO,Hosps
2022-06-04,SI,Hosps
2022-06-04,SK,Hosps
2022-06-11,CZ,Cases
2022-06-11,LT,Cases
2022-06-11,GB,Deaths
2022-06-11,LT,Deaths
2022-06-11,BE,Hosps
2022-06-11,BG,Hosps
2022-06-11,CH,Hosps
2022-06-11,CY,Hosps
2022-06-11,CZ,Hosps
2022-06-11,EE,Hosps
2022-06-11,FR,Hosps
2022-06-11,GB,Hosps
2022-06-11,GR,Hosps
2022-06-11,HR,Hosps
2022-06-11,IE,Hosps
2022-06-11,LI,Hosps
2022-06-11,LV,Hosps
2022-06-11,MT,Hosps
2022-06-11,NO,Hosps
2022-06-11,SI,Hosps
2022-06-11,SK,Hosps
2022-06-18,CZ,Cases
2022-06-18,LT,Cases
2022-06-18,RO,Cases
2022-06-18,GB,Deaths
2022-06-18,LT,Deaths
2022-06-18,BE,Hosps
2022-06-18,BG,Hosps
2022-06-18,CH,Hosps
2022-06-18,CY,Hosps
2022-06-18,CZ,Hosps
2022-06-18,EE,Hosps
2022-06-18,FR,Hosps
2022-06-18,GB,Hosps
2022-06-18,GR,Hosps
2022-06-18,HR,Hosps
2022-06-18,IE,Hosps
2022-06-18,IS,Hosps
2022-06-18,LI,Hosps
2022-06-18,LV,Hosps
2022-06-18,MT,Hosps
2022-06-18,NO,Hosps
2022-06-18,SI,Hosps
2022-06-18,SK,Hosps
2022-06-25,CZ,Cases
2022-06-25,LT,Cases
2022-06-25,GB,Deaths
2022-06-25,LT,Deaths
2022-06-25,BE,Hosps
2022-06-25,BG,Hosps
2022-06-25,CH,Hosps
2022-06-25,CY,Hosps
2022-06-25,CZ,Hosps
2022-06-25,EE,Hosps
2022-06-25,FR,Hosps
2022-06-25,GB,Hosps
2022-06-25,GR,Hosps
2022-06-25,HR,Hosps
2022-06-25,IE,Hosps
2022-06-25,LI,Hosps
2022-06-25,LV,Hosps
2022-06-25,MT,Hosps
2022-06-25,NO,Hosps
2022-06-25,SI,Hosps
2022-06-25,SK,Hosps
2022-07-02,CZ,Cases
2022-07-02,BE,Hosps
2022-07-02,BG,Hosps
2022-07-02,CH,Hosps
2022-07-02,CY,Hosps
2022-07-02,CZ,Hosps
2022-07-02,EE,Hosps
2022-07-02,FR,Hosps
2022-07-02,GB,Hosps
2022-07-02,GR,Hosps
2022-07-02,HR,Hosps
2022-07-02,IE,Hosps
2022-07-02,LI,Hosps
2022-07-02,LV,Hosps
2022-07-02,MT,Hosps
2022-07-02,NO,Hosps
2022-07-02,SI,Hosps
2022-07-02,SK,Hosps
2022-07-09,CZ,Cases
2022-07-09,GB,Deaths
2022-07-09,BE,Hosps
2022-07-09,BG,Hosps
2022-07-09,CH,Hosps
2022-07-09,CY,Hosps
2022-07-09,CZ,Hosps
2022-07-09,EE,Hosps
2022-07-09,FR,Hosps
2022-07-09,GB,Hosps
2022-07-09,GR,Hosps
2022-07-09,HR,Hosps
2022-07-09,IE,Hosps
2022-07-09,LI,Hosps
2022-07-09,LV,Hosps
2022-07-09,MT,Hosps
2022-07-09,NO,Hosps
2022-07-09,SI,Hosps
2022-07-09,SK,Hosps
2022-07-16,CZ,Cases
2022-07-16,GB,Deaths
2022-07-16,BE,Hosps
2022-07-16,BG,Hosps
2022-07-16,CH,Hosps
2022-07-16,CY,Hosps
2022-07-16,CZ,Hosps
2022-07-16,EE,Hosps
2022-07-16,FR,Hosps
2022-07-16,GB,Hosps
2022-07-16,GR,Hosps
2022-07-16,HR,Hosps
2022-07-16,IE,Hosps
2022-07-16,LI,Hosps
2022-07-16,LV,Hosps
2022-07-16,MT,Hosps
2022-07-16,NO,Hosps
2022-07-16,SI,Hosps
2022-07-16,SK,Hosps
2022-07-23,CZ,Cases
2022-07-23,GB,Deaths
2022-07-23,BE,Hosps
2022-07-23,BG,Hosps
2022-07-23,CH,Hosps
2022-07-23,CY,Hosps
2022-07-23,CZ,Hosps
2022-07-23,EE,Hosps
2022-07-23,FR,Hosps
2022-07-23,GB,Hosps
2022-07-23,GR,Hosps
2022-07-23,HR,Hosps
2022-07-23,IE,Hosps
2022-07-23,LV,Hosps
2022-07-23,MT,Hosps
2022-07-23,NO,Hosps
2022-07-23,SI,Hosps
2022-07-23,SK,Hosps
2022-07-30,CZ,Cases
2022-07-30,GB,Deaths
2022-07-30,BE,Hosps
2022-07-30,BG,Hosps
2022-07-30,CH,Hosps
2022-07-30,CY,Hosps
2022-07-30,CZ,Hosps
2022-07-30,EE,Hosps
2022-07-30,FR,Hosps
2022-07-30,GB,Hosps
2022-07-30,GR,Hosps
2022-07-30,HR,Hosps
2022-07-30,IE,Hosps
2022-07-30,LI,Hosps
2022-07-30,LV,Hosps
2022-07-30,MT,Hosps
2022-07-30,NO,Hosps
2022-07-30,SI,Hosps
2022-07-30,SK,Hosps
2022-08-06,CZ,Cases
2022-08-06,GB,Deaths
2022-08-06,BE,Hosps
2022-08-06,BG,Hosps
2022-08-06,CH,Hosps
2022-08-06,CY,Hosps
2022-08-06,CZ,Hosps
2022-08-06,EE,Hosps
2022-08-06,FR,Hosps
2022-08-06,GB,Hosps
2022-08-06,GR,Hosps
2022-08-06,HR,Hosps
2022-08-06,IE,Hosps
2022-08-06,LI,Hosps
2022-08-06,LV,Hosps
2022-08-06,MT,Hosps
2022-08-06,NO,Hosps
2022-08-06,SI,Hosps
2022-08-06,SK,Hosps
2022-08-13,CZ,Cases
2022-08-13,GB,Deaths
2022-08-13,BE,Hosps
2022-08-13,BG,Hosps
2022-08-13,CH,Hosps
2022-08-13,CY,Hosps
2022-08-13,CZ,Hosps
2022-08-13,EE,Hosps
2022-08-13,FR,Hosps
2022-08-13,GB,Hosps
2022-08-13,GR,Hosps
2022-08-13,HR,Hosps
2022-08-13,IE,Hosps
2022-08-13,LV,Hosps
2022-08-13,MT,Hosps
2022-08-13,NO,Hosps
2022-08-13,SI,Hosps
2022-08-13,SK,Hosps
2022-08-20,CZ,Cases
2022-08-20,GB,Deaths
2022-08-20,BE,Hosps
2022-08-20,BG,Hosps
2022-08-20,CH,Hosps
2022-08-20,CY,Hosps
2022-08-20,CZ,Hosps
2022-08-20,EE,Hosps
2022-08-20,FR,Hosps
2022-08-20,GB,Hosps
2022-08-20,GR,Hosps
2022-08-20,HR,Hosps
2022-08-20,IE,Hosps
2022-08-20,LV,Hosps
2022-08-20,MT,Hosps
2022-08-20,NO,Hosps
2022-08-20,SI,Hosps
2022-08-20,SK,Hosps
2022-08-27,CZ,Cases
2022-08-27,GB,Deaths
2022-08-27,BE,Hosps
2022-08-27,BG,Hosps
2022-08-27,CH,Hosps
2022-08-27,CY,Hosps
2022-08-27,CZ,Hosps
2022-08-27,EE,Hosps
2022-08-27,FR,Hosps
2022-08-27,GB,Hosps
2022-08-27,GR,Hosps
2022-08-27,HR,Hosps
2022-08-27,IE,Hosps
2022-08-27,LI,Hosps
2022-08-27,LV,Hosps
2022-08-27,MT,Hosps
2022-08-27,NO,Hosps
2022-08-27,SI,Hosps
2022-08-27,SK,Hosps
2022-09-03,CZ,Cases
2022-09-03,NL,Cases
2022-09-03,GB,Deaths
2022-09-03,NL,Deaths
2022-09-03,BE,Hosps
2022-09-03,BG,Hosps
2022-09-03,CH,Hosps
2022-09-03,CY,Hosps
2022-09-03,CZ,Hosps
2022-09-03,EE,Hosps
2022-09-03,FR,Hosps
2022-09-03,GR,Hosps
2022-09-03,IE,Hosps
2022-09-03,LI,Hosps
2022-09-03,LV,Hosps
2022-09-03,MT,Hosps
2022-09-03,NO,Hosps
2022-09-03,SI,Hosps
2022-09-03,SK,Hosps
2022-09-10,CZ,Cases
2022-09-10,GB,Deaths
2022-09-10,BE,Hosps
2022-09-10,BG,Hosps
2022-09-10,CH,Hosps
2022-09-10,CY,Hosps
2022-09-10,CZ,Hosps
2022-09-10,EE,Hosps
2022-09-10,FR,Hosps
2022-09-10,GR,Hosps
2022-09-10,IE,Hosps
2022-09-10,LI,Hosps
2022-09-10,LV,Hosps
2022-09-10,MT,Hosps
2022-09-10,NO,Hosps
2022-09-10,SI,Hosps
2022-09-10,SK,Hosps
2022-09-17,CZ,Cases
2022-09-17,GB,Deaths
2022-09-17,BE,Hosps
2022-09-17,BG,Hosps
2022-09-17,CH,Hosps
2022-09-17,CZ,Hosps
2022-09-17,EE,Hosps
2022-09-17,FR,Hosps
2022-09-17,GB,Hosps
2022-09-17,GR,Hosps
2022-09-17,IE,Hosps
2022-09-17,LI,Hosps
2022-09-17,LV,Hosps
2022-09-17,MT,Hosps
2022-09-17,NO,Hosps
2022-09-17,SI,Hosps
2022-09-17,SK,Hosps
2022-09-24,CZ,Cases
2022-09-24,GB,Deaths
2022-09-24,BE,Hosps
2022-09-24,BG,Hosps
2022-09-24,CH,Hosps
2022-09-24,CZ,Hosps
2022-09-24,EE,Hosps
2022-09-24,FR,Hosps
2022-09-24,GR,Hosps
2022-09-24,IE,Hosps
2022-09-24,LV,Hosps
2022-09-24,MT,Hosps
2022-09-24,NO,Hosps
2022-09-24,SI,Hosps
2022-09-24,SK,Hosps
2022-10-01,CZ,Cases
2022-10-01,GB,Deaths
2022-10-01,BE,Hosps
2022-10-01,BG,Hosps
2022-10-01,CH,Hosps
2022-10-01,CZ,Hosps
2022-10-01,EE,Hosps
2022-10-01,FR,Hosps
2022-10-01,GR,Hosps
2022-10-01,IE,Hosps
2022-10-01,LV,Hosps
2022-10-01,MT,Hosps
2022-10-01,SI,Hosps
2022-10-01,SK,Hosps
2022-10-08,CZ,Cases
2022-10-08,GB,Deaths
2022-10-08,BE,Hosps
2022-10-08,BG,Hosps
2022-10-08,CH,Hosps
2022-10-08,CZ,Hosps
2022-10-08,EE,Hosps
2022-10-08,FR,Hosps
2022-10-08,GR,Hosps
2022-10-08,IE,Hosps
2022-10-08,LI,Hosps
2022-10-08,LV,Hosps
2022-10-08,MT,Hosps
2022-10-08,SI,Hosps
2022-10-08,SK,Hosps
2022-10-15,CZ,Cases
2022-10-15,GB,Deaths
2022-10-15,BE,Hosps
2022-10-15,BG,Hosps
2022-10-15,CH,Hosps
2022-10-15,CZ,Hosps
2022-10-15,EE,Hosps
2022-10-15,FR,Hosps
2022-10-15,GR,Hosps
2022-10-15,IE,Hosps
2022-10-15,LV,Hosps
2022-10-15,MT,Hosps
2022-10-15,SI,Hosps
2022-10-15,SK,Hosps
2022-10-22,CZ,Cases
2022-10-22,GB,Deaths
2022-10-22,BE,Hosps
2022-10-22,EE,Hosps
2022-10-22,FR,Hosps
2022-10-22,GR,Hosps
2022-10-22,IE,Hosps
2022-10-22,LI,Hosps
2022-10-22,LV,Hosps
2022-10-22,MT,Hosps
2022-10-22,SK,Hosps
2022-10-29,CZ,Cases
2022-10-29,GB,Deaths
2022-10-29,BE,Hosps
2022-10-29,EE,Hosps
2022-10-29,FR,Hosps
2022-10-29,GR,Hosps
2022-10-29,IE,Hosps
2022-10-29,LI,Hosps
2022-10-29,LV,Hosps
2022-10-29,MT,Hosps
2022-10-29,SK,Hosps
2022-11-05,CZ,Cases
2022-11-05,GB,Deaths
2022-11-05,BE,Hosps
2022-11-05,FR,Hosps
2022-11-05,GR,Hosps
2022-11-05,IE,Hosps
2022-11-05,LI,Hosps
2022-11-05,LV,Hosps
2022-11-05,MT,Hosps
2022-11-05,SK,Hosps
2022-11-12,CZ,Cases
2022-11-12,GB,Deaths
2022-11-12,BE,Hosps
2022-11-12,FR,Hosps
2022-11-12,GR,Hosps
2022-11-12,IE,Hosps
2022-11-12,LI,Hosps
2022-11-12,LV,Hosps
2022-11-12,MT,Hosps
2022-11-12,SK,Hosps
2022-11-19,CZ,Cases
2022-11-19,GB,Deaths
2022-11-19,BE,Hosps
2022-11-19,FR,Hosps
2022-11-19,GR,Hosps
2022-11-19,IE,Hosps
2022-11-19,LV,Hosps
2022-11-19,MT,Hosps
2022-11-19,SK,Hosps
2022-11-26,CZ,Cases
2022-11-26,GB,Cases
2022-11-26,GB,Deaths
2022-11-26,BE,Hosps
2022-11-26,FR,Hosps
2022-11-26,GR,Hosps
2022-11-26,IE,Hosps
2022-11-26,LI,Hosps
2022-11-26,LV,Hosps
2022-11-26,MT,Hosps
2022-11-26,SK,Hosps
2022-12-03,GB,Deaths
2022-12-03,FR,Hosps
2022-12-03,GR,Hosps
2022-12-03,IE,Hosps
2022-12-03,LI,Hosps
2022-12-03,LV,Hosps
2022-12-03,SK,Hosps
